jaar	mean	p02.5	p50	p97.5	simulatienr	sd
1985	-0.146982111473517	-0.716427647110491	-0.156166823668486	0.474555490273226	1	0.303318080832354
1985	-0.00932369951640838	-0.561536825536684	-0.019343393319426	0.599714974518908	2	0.295780698260865
1985	-0.320867170112609	-0.905733102804731	-0.329722027802134	0.314252334483279	3	0.310681407856105
1985	-0.36088487682977	-0.920251602396956	-0.371108200854666	0.25652239572782	4	0.299687790172798
1985	-0.0178737124819883	-0.572837374741241	-0.0274459784710722	0.591237698576705	5	0.296333509215647
1985	-0.125391117221983	-0.695795317419642	-0.134121892556432	0.494442285349121	6	0.30308084291151
1985	-0.337168090678709	-0.921900917850814	-0.346001238218119	0.29755040784364	7	0.31047678914336
1985	-0.12825336043424	-0.709239234470655	-0.136894266185787	0.501680048391132	8	0.308293903387947
1985	-0.281774899894169	-0.832227326689265	-0.290574317264769	0.318561634622293	9	0.292915626809551
1985	-0.0987037088578164	-0.647126488361557	-0.10834484207102	0.504225311798863	10	0.293071463611003
1985	-0.184950181018553	-0.754371067048223	-0.194464607446733	0.4383894502306	11	0.303621829568401
1985	-0.370692775694597	-0.954580392318975	-0.379957432670594	0.265998046206014	12	0.310792994599072
1985	-0.318618705219593	-0.863879521984022	-0.328822431171125	0.284489287112021	13	0.29238544810759
1985	-0.2198180964848	-0.8006626777726	-0.228662259867036	0.411055935142141	14	0.308485787378419
1985	-0.179530991363034	-0.729926255693384	-0.189260369430064	0.426107420525836	15	0.294266403830251
1985	-0.27670239484579	-0.833660813299539	-0.285392004981823	0.32946614189383	16	0.296022676615487
1985	-0.308176352043543	-0.880904948522688	-0.317983826144693	0.320134783357889	17	0.305858258000374
1985	-0.19602643996313	-0.765020467365962	-0.205596010404535	0.427218934767165	18	0.303535340891865
1985	-0.0106154550411483	-0.58107966751842	-0.0194652034719372	0.609975610003547	19	0.303291575168306
1985	-0.256660997633633	-0.827254272341874	-0.2653073083928	0.362819828862743	20	0.302879700456389
1986	0.352942903793162	-0.0535108151869727	0.34557749645555	0.801188929443949	1	0.21768543426118
1986	0.420392670709296	-0.000559860339934659	0.41363295036905	0.879801141728515	2	0.224157356504396
1986	0.250768448392106	-0.151796045589504	0.243275435748817	0.6958071459305	3	0.215853043287274
1986	0.16198704369662	-0.248441956144014	0.154945437691698	0.612345664502295	4	0.219195661770669
1986	0.410817518649727	-0.00537172974723121	0.404327467036246	0.864000409673423	5	0.221381365204888
1986	0.349062885342358	-0.0636990827460384	0.342222402315702	0.800632329232054	6	0.220084960088196
1986	0.219822994237883	-0.193576511669673	0.212328831453835	0.67574667472577	7	0.221397196740069
1986	0.366570080873227	-0.0511321521920772	0.359279575534982	0.825742238402037	8	0.223370011549208
1986	0.179557764682137	-0.247231661224688	0.173584097765495	0.640368488613252	9	0.225986609698004
1986	0.314531596586814	-0.108518213801288	0.308590248115807	0.771456894578573	10	0.224036833552649
1986	0.306230614896469	-0.100260879975674	0.299447246586611	0.751252116009815	11	0.216824907527151
1986	0.215151508874103	-0.196445190245225	0.20804658944578	0.667122622053484	12	0.219979373969637
1986	0.181730915113848	-0.227099120259932	0.175205062770199	0.627722933632707	13	0.217651413744573
1986	0.296858424210701	-0.11841535802239	0.289551183442468	0.753699872732611	14	0.222142895172653
1986	0.275241700097869	-0.140971718054841	0.269189424784187	0.725952056868728	15	0.220789541422828
1986	0.191684815545035	-0.229276419018571	0.185520817992281	0.647715290333312	16	0.22336277248568
1986	0.230272559911932	-0.182689115857152	0.22267426860082	0.686318332602657	17	0.221306424377522
1986	0.316967536566154	-0.089061819611831	0.309756320349463	0.764002579149044	18	0.217286079980503
1986	0.466153972857265	0.055747172688764	0.459180009848052	0.916119568480268	19	0.219115095644289
1986	0.246343664935996	-0.168516118678133	0.239837110670782	0.698263391577267	20	0.220716267021994
1987	0.806602123618132	0.372653732822978	0.808880659549001	1.22675143172861	1	0.216455733229028
1987	0.835674415728703	0.361147412683912	0.840954198277691	1.2794665913683	2	0.232537023931005
1987	0.750393440022056	0.315111772405672	0.752234365270494	1.17459011203335	3	0.21797498077716
1987	0.644597256760904	0.169602610498431	0.649486955900988	1.09084215856582	4	0.233186151944201
1987	0.813430751993176	0.324296059511025	0.820182743853088	1.2641581766602	5	0.237899090173228
1987	0.779456442596936	0.325267058278075	0.783569457230803	1.20947169403396	6	0.223957576717749
1987	0.725878164992029	0.289098875419685	0.72787902029264	1.15049959372105	7	0.218353041487466
1987	0.820847944910064	0.38359540203469	0.823218531409522	1.24391008194931	8	0.218065186704876
1987	0.640437408776921	0.157893821696206	0.646719828545244	1.08671844322916	9	0.235095429562589
1987	0.715847475709703	0.194911149793644	0.725919523515252	1.18025463996	10	0.249168243028438
1987	0.738688982644597	0.253928849134117	0.744373046565947	1.19096748540884	11	0.237320867261574
1987	0.736667074347836	0.265814203679596	0.740738788993624	1.18380667575712	12	0.232658533227364
1987	0.652605568707152	0.161147377819677	0.65933622489081	1.10519511683129	13	0.238919320280016
1987	0.769187997634607	0.328173997196102	0.771406840167636	1.19683466457407	14	0.22024223263622
1987	0.705604815143973	0.176688073298597	0.715513822256061	1.17900516462618	15	0.25377475495667
1987	0.642849863918694	0.155087522136049	0.649559060061502	1.09225901884497	16	0.237239506699481
1987	0.729509317754475	0.298314919056726	0.730757204053503	1.15300886365421	17	0.216783695369237
1987	0.777079388258381	0.318334252043419	0.780801058876183	1.21372866624923	18	0.226848917142061
1987	0.897747997895946	0.450797417702799	0.900892574674911	1.3262929109066	19	0.221841661225995
1987	0.706432963240377	0.214005806877242	0.713411608170063	1.15897143323624	20	0.239126610068741
1988	1.30971811689335	0.91566536392783	1.30969632510171	1.70289356514875	1	0.199376463289317
1988	1.33414216310667	0.91301420139859	1.33636506738225	1.74112181541105	2	0.209502787612931
1988	1.2974230296851	0.895948525072201	1.29723317961556	1.6990450254172	3	0.203543818475012
1988	1.21156227298469	0.782266895513912	1.21370438886952	1.62724033127541	4	0.213833734548844
1988	1.31584506968879	0.878316904167971	1.31934868826773	1.73218976668683	5	0.215798285588315
1988	1.27444868641909	0.865185684909953	1.27563100567473	1.67543573723461	6	0.20496572905418
1988	1.2759467388069	0.879581027461529	1.27571167423521	1.6727987152032	7	0.201024629189395
1988	1.32089300450435	0.927110276043502	1.32093679058361	1.71322945496009	8	0.199107879120211
1988	1.1913173230845	0.766840014771204	1.1944022281086	1.59684762757304	9	0.209932611550465
1988	1.2374766670496	0.773965153296611	1.24390836566272	1.66246520573944	10	0.224199763508695
1988	1.27155092801352	0.826943604700532	1.27473801958441	1.69705345306323	11	0.220083207041101
1988	1.33265458458008	0.905312208283342	1.33383634936077	1.75216397446835	12	0.214389750531048
1988	1.23014328216302	0.788715298955778	1.23387186936381	1.64901857499477	13	0.217592722425523
1988	1.2922164135756	0.893030304524179	1.29210703020906	1.69116709389083	14	0.202265765916125
1988	1.27620227827111	0.807011706554909	1.28217473390052	1.7100967561516	15	0.22816918941477
1988	1.1903906970153	0.755390871455365	1.19412420281236	1.60258387531024	16	0.214202867122951
1988	1.27044802337325	0.879062431164754	1.26971677214873	1.66526715166617	17	0.199325821896945
1988	1.30954128146835	0.892562830579019	1.31073773468448	1.71859272443266	18	0.209084514771117
1988	1.39119342308117	0.985542088876841	1.39192560843451	1.79164835769472	19	0.204074830569265
1988	1.26367422119034	0.819672451541138	1.26755663100095	1.68393131126455	20	0.218338716745776
1989	1.79768575848282	1.47148351216715	1.79125736896642	2.16035016291742	1	0.17556690546511
1989	1.83403561209238	1.50409333519817	1.827776625168	2.19948253442666	2	0.177140531546029
1989	1.82468224553492	1.49308313810782	1.81842726839909	2.19175903589209	3	0.178006698868918
1989	1.77934894497646	1.44675737702391	1.77300644601908	2.14796857768329	4	0.178636893766788
1989	1.83449267466994	1.49849328933927	1.82828611663873	2.20570304817173	5	0.18015767158
1989	1.76486161440125	1.4305310128249	1.75851269887075	2.13514841511278	6	0.179530068380621
1989	1.80276421437699	1.47103090984599	1.79648638961693	2.17010030282963	7	0.178096263636484
1989	1.80289431748909	1.47326864729643	1.7965514587982	2.16848454077186	8	0.177105985301898
1989	1.74694581536887	1.41648943954499	1.74120484100213	2.1100505717238	9	0.176677811084726
1989	1.79462076912891	1.45855098500694	1.78844735220193	2.1659638269546	10	0.180155883074102
1989	1.82539363703246	1.48666679213506	1.81918737732847	2.19938699079672	11	0.181537558272146
1989	1.9132292895513	1.57505651995644	1.90678209516477	2.28799387457357	12	0.181709853496163
1989	1.82321685106626	1.49314680405926	1.81715275634677	2.1877674416643	13	0.176922608727619
1989	1.79591746478923	1.46306037510945	1.78964885132725	2.16431186421193	14	0.178650023754735
1989	1.87869206210153	1.54263290714052	1.87245067799527	2.25017863179667	15	0.180244056790311
1989	1.75185061398227	1.41877142563422	1.74599026759684	2.11819530465854	16	0.178167568867217
1989	1.78420583125985	1.45685663484232	1.77793264349266	2.14716841258615	17	0.175907228570478
1989	1.83513065612517	1.5045919795411	1.82881706369103	2.20150728202973	18	0.177577546158826
1989	1.87724869918288	1.54501189188585	1.87107698420167	2.24448102874458	19	0.178184307220277
1989	1.83490978103093	1.49659796535524	1.82863713568689	2.20879911126375	20	0.181432146807269
1990	2.02686612242732	1.70671290840139	2.02103156749022	2.38000365679676	1	0.171657757883143
1990	2.06643731215028	1.74180408984803	2.06044216693598	2.42493676971902	2	0.174189949951936
1990	2.07068063045143	1.74668368721192	2.06498497731505	2.42694693011881	3	0.173381062250088
1990	2.04136240680796	1.71640954915317	2.03526336988579	2.40089634500933	4	0.174494633295182
1990	2.07604235321067	1.74424265998786	2.07003761858996	2.44177876397558	5	0.177831185842283
1990	1.99298724348521	1.66292743603482	1.9872198695004	2.3556988606952	6	0.176622679758879
1990	2.0643927503145	1.73725953544977	2.05873855027214	2.42359142943105	7	0.17495283799414
1990	2.04323208956841	1.71747771198257	2.03745984724625	2.4016431131211	8	0.174420387134318
1990	2.03577842511064	1.70632148274144	2.03004726578465	2.39766171766452	9	0.176266209011458
1990	2.07421698750671	1.74153548977444	2.06778859307184	2.44319292888834	10	0.178890552401797
1990	2.07510444354412	1.74442665191291	2.06907416574371	2.43988720551524	11	0.177247312667054
1990	2.1478402716464	1.81730099640088	2.14186375528153	2.51216588522684	12	0.177132205872886
1990	2.10443751816335	1.78107832131807	2.09831925207078	2.46253186604988	13	0.173725819720221
1990	2.04363831808	1.7161361055308	2.03795705178266	2.40332783399199	14	0.175184831144105
1990	2.13165520166545	1.80103252223159	2.1252808246715	2.49831226595327	15	0.177817286070075
1990	2.04120560866513	1.71108811046554	2.03537751157192	2.40425725601043	16	0.176720928548891
1990	2.03109716297928	1.7096854944536	2.02535621824754	2.38500467476856	17	0.172151014183404
1990	2.06360214118812	1.74099052360047	2.05772855895328	2.41941678937317	18	0.172963687122463
1990	2.10836718324726	1.78142101846851	2.10264950750275	2.46769232926056	19	0.174944581185779
1990	2.10278065253327	1.76920730890751	2.09669141852305	2.47074628569278	20	0.178862636664449
1991	1.98167130285669	1.61838364336004	1.98012360046783	2.35368952054993	1	0.186759130204012
1991	2.00501176750746	1.6371818976252	2.00315550473191	2.38318280234962	2	0.189495673339526
1991	2.02020125878146	1.65169449104166	2.01852102410659	2.39825244631977	3	0.189723478164408
1991	1.97364465806854	1.60100054319474	1.97188620339543	2.35640504301564	4	0.19205092901299
1991	2.00636449900547	1.63707903428289	2.00433739454305	2.38734165261485	5	0.190629149318871
1991	1.94266905186897	1.57579886986447	1.94110763351164	2.31824959653776	6	0.188567282080412
1991	2.04504540984232	1.68279524067633	2.04284552554949	2.41974245665585	7	0.187275827677376
1991	2.01645791732633	1.66043156791393	2.01404636569694	2.38604624693533	8	0.184346823685498
1991	2.02191791945545	1.66468580730346	2.01918874019122	2.39441394753762	9	0.185499657352218
1991	2.02522745953107	1.65543106195448	2.02327928124537	2.40627323605416	10	0.190750860780628
1991	1.98515158669417	1.60161804597707	1.98397165264227	2.37567563389107	11	0.196700702883868
1991	2.03082464396662	1.64927863942358	2.02948648550659	2.4203922688527	12	0.196041451019738
1991	2.0400882500971	1.66868026637166	2.03831936307385	2.42160959405634	13	0.191386138642628
1991	2.00852840736001	1.646818747796	2.00627242580306	2.38311194562571	14	0.187120346232503
1991	2.00271407972232	1.6197191422639	2.00157433839211	2.39261155675907	15	0.196441183782353
1991	2.01563903600164	1.65513366031467	2.01312461642001	2.39030057283252	16	0.186845886691056
1991	1.99989281462664	1.63736428814118	1.99777499066439	2.37432025032955	17	0.187278625672662
1991	1.97751352226004	1.60383950779745	1.97612591251341	2.35916282767238	18	0.191890076998845
1991	2.05572590241526	1.6949232705381	2.05351354249552	2.42919138769203	19	0.186604370325202
1991	2.02779184326848	1.6553781961668	2.02606588689881	2.41001885917273	20	0.191742408645574
1992	1.85957738674421	1.38767161818186	1.86727447444746	2.29081221818531	1	0.229345496363444
1992	1.85336316009876	1.36633477505833	1.86179267562627	2.29546501009728	2	0.235824392449351
1992	1.8845638571358	1.41258337698461	1.8909071178286	2.32301491479914	3	0.231393341296478
1992	1.80366937541639	1.30301038548132	1.81166045606626	2.2623465739706	4	0.244021928221371
1992	1.83818324381756	1.34697146559041	1.84654418392695	2.286131567725	5	0.238737462844552
1992	1.81050790345522	1.32810782614635	1.8192569795542	2.24734605949634	6	0.233584238275359
1992	1.931262078172	1.46744457278584	1.93778144212745	2.35989475816126	7	0.226394636850041
1992	1.90024256307199	1.44331246933651	1.90704030742393	2.31996768175288	8	0.222085645474195
1992	1.89668130644602	1.43938469736814	1.90270706321619	2.32074479988956	9	0.223400176541416
1992	1.86654317607603	1.35662803147163	1.87699568012847	2.32305029703074	10	0.245717785952292
1992	1.81006476606332	1.30192922602105	1.81793586954524	2.27798868159968	11	0.248865753539999
1992	1.81392729035667	1.30261417785897	1.82137960558663	2.28725741210142	12	0.251273670117159
1992	1.87794293642155	1.39176284881423	1.88463772476128	2.32914447631024	13	0.238472925971366
1992	1.8747126010983	1.40304574653253	1.88195689529137	2.3075489619847	14	0.229404966293989
1992	1.77158058821079	1.24371918137253	1.78060949420228	2.25369788651199	15	0.258069105874072
1992	1.87467952225765	1.400724150627	1.88190462727154	2.31042444531645	16	0.230929891323553
1992	1.87946403789762	1.41635980803378	1.88559780630778	2.30919860314696	17	0.226530651942405
1992	1.80509386598819	1.31140894263748	1.81301613851806	2.25725849013993	18	0.240607298826639
1992	1.91186960403254	1.44613426280178	1.91865043679587	2.34149749154335	19	0.22724901679321
1992	1.84448752847137	1.33879300421404	1.85387049408857	2.30209428158957	20	0.245149935278879
1993	1.81460624015131	1.3329258547692	1.82245715709824	2.25628554822682	1	0.235044836928874
1993	1.78484060177104	1.28698082786777	1.79350999638632	2.23840880527592	2	0.242097193474402
1993	1.83394499116828	1.36114696579198	1.83944084059095	2.27894930301486	3	0.233796896411547
1993	1.73464298641965	1.22058263562216	1.74266501196782	2.20820492665474	4	0.251888024255423
1993	1.76359425591593	1.26141857344239	1.77200486293984	2.22428447596537	5	0.24553670568239
1993	1.76055774652318	1.26383822088662	1.7699082145929	2.21056715938981	6	0.241304563171353
1993	1.88352412418725	1.41317405597702	1.89000040346443	2.32058532955479	7	0.230675855093313
1993	1.84348242400166	1.37385652964176	1.85096996973949	2.27406697446244	8	0.228674036876556
1993	1.83364712743162	1.36628703801933	1.83987042600079	2.26871194382897	9	0.229331854525215
1993	1.80700473982554	1.27951095193468	1.8181042768709	2.28061270034212	10	0.255559564488975
1993	1.75949568931359	1.25562805074807	1.76547870685207	2.23429571861737	11	0.250245424671966
1993	1.7169035285614	1.19388472168467	1.7236165348034	2.20711166930068	12	0.259385208349943
1993	1.81304782272244	1.31977939578733	1.81921507839044	2.27530398449504	13	0.243734012698291
1993	1.81245638282931	1.32843379438291	1.82014647778285	2.25692500776517	14	0.236120891317446
1993	1.68272052833876	1.14941108794928	1.69019732016276	2.17980493435158	15	0.264248392781174
1993	1.80878859885879	1.31817201459413	1.81668642975392	2.25951871236677	16	0.239665623890356
1993	1.82696160053819	1.35725845199499	1.83301975241383	2.26500280010586	17	0.230740315232092
1993	1.73373442872492	1.23540055287664	1.74107480365045	2.19510597454085	18	0.24469686483707
1993	1.8427276137442	1.36706431171585	1.84972253876427	2.2830008015425	19	0.233116701762564
1993	1.76642315100586	1.25207696476087	1.77528611992432	2.23750093021581	20	0.251773989124602
1994	1.85739875128334	1.4509783181289	1.85921145599429	2.25451035413991	1	0.204208898096338
1994	1.81137275513069	1.39588218770043	1.81326227159927	2.21699195490398	2	0.208595524670548
1994	1.869602099022	1.46614333627666	1.87022578261628	2.27034244391151	3	0.204499096451458
1994	1.78533820433945	1.35863170487208	1.78708019441418	2.20331343166048	4	0.214852989286569
1994	1.7950260696942	1.37526789595836	1.79687617338892	2.20557313879956	5	0.211017259845224
1994	1.80706878047285	1.38905409783997	1.80977964638062	2.21113234486023	6	0.208848671791863
1994	1.90950838223744	1.50860527105641	1.91034908781396	2.30621886114602	7	0.202639674969333
1994	1.85986361314569	1.45802945001207	1.86144702518072	2.25358641880456	8	0.202033139269065
1994	1.84180598698683	1.43520268571671	1.84313419384232	2.24159340232639	9	0.204847809841046
1994	1.86385386655254	1.43067836106201	1.86692491353299	2.28161222122323	10	0.216277973320327
1994	1.82618683144981	1.40223341119154	1.82727967602721	2.24537324285255	11	0.214604421781719
1994	1.75819621805551	1.31736189484462	1.76023961423079	2.18914721122579	12	0.222119938501722
1994	1.85799531575722	1.44160255680333	1.85904903166195	2.26934139386782	13	0.210523168811086
1994	1.83505805170971	1.42500519851282	1.83665423912357	2.23700650619516	14	0.206306096770043
1994	1.745527227231	1.30561591838033	1.74763468882847	2.17556036472169	15	0.221715403877347
1994	1.83586638591659	1.41852579082548	1.83788393873282	2.24289511458613	16	0.2095096634874
1994	1.84996467704884	1.44848407937195	1.85079742601626	2.24740043523046	17	0.202992589471964
1994	1.77225592423113	1.35908744412034	1.77346212199755	2.1795366569826	18	0.208613944879047
1994	1.85866919367317	1.45211549106772	1.86010525148892	2.2579948660654	19	0.204738782465795
1994	1.8034566521357	1.37502727397655	1.80587331648662	2.21980905221578	20	0.214856045201681
1995	1.93023932887926	1.60011932448662	1.92572740262182	2.28621731185653	1	0.174605359828787
1995	1.87047050076427	1.53567759317551	1.86560999555439	2.23300198999981	2	0.1774318863033
1995	1.93465053514662	1.59981119610828	1.9300459615969	2.29579704138746	3	0.177136960627766
1995	1.8792337279121	1.53999007959177	1.87456310889276	2.24513634557495	4	0.179470570146863
1995	1.86251846595954	1.52166074658924	1.85761442575978	2.23134762988482	5	0.180599374812981
1995	1.89315114559773	1.55630827813522	1.88869843580194	2.25551442129647	6	0.177858032666975
1995	1.95629487341927	1.62179864206094	1.9517869945916	2.31670470657667	7	0.176852797762618
1995	1.90237163346246	1.5689243944508	1.89818171526356	2.25983895954391	8	0.175735663122032
1995	1.88232038460237	1.54361079065203	1.87803178834123	2.24559333825038	9	0.178583170572903
1995	1.9616559783859	1.61899746968717	1.95667981008757	2.33278584475509	10	0.181589813468999
1995	1.93659229955909	1.59107015526173	1.93163989305377	2.31032669187831	11	0.183038027100279
1995	1.86737277348821	1.52171362234203	1.86311777873564	2.23741577498175	12	0.182120221168974
1995	1.94403621009194	1.60647686657394	1.93915150007368	2.30947678506452	13	0.178905767917161
1995	1.8870610350482	1.55160621949215	1.88268137827094	2.2476441994625	14	0.177097538487023
1995	1.87386595356073	1.52932122580312	1.86914920135058	2.24540929982228	15	0.182236556503878
1995	1.90040638379011	1.56194759800728	1.89594789107758	2.26442644977066	16	0.178727403112637
1995	1.89836664116612	1.56759466292166	1.89380060385659	2.25518593227699	17	0.17500963838883
1995	1.84596846188515	1.51259615680403	1.84108629280333	2.20721099512842	18	0.176786984455885
1995	1.90733249901795	1.57244580310249	1.90287062351963	2.2678095970079	19	0.176926802100452
1995	1.8889428351854	1.54825119922177	1.88418633937702	2.2568243081441	20	0.180325153736458
1996	1.89830821240481	1.5788695474196	1.89122673246582	2.25765268979577	1	0.172880669564619
1996	1.80836852266293	1.48200859962835	1.80110851282084	2.1756595524786	2	0.176636441577948
1996	1.88588960010083	1.56040685348154	1.87905860004584	2.24995839426627	3	0.175667770959481
1996	1.84815292405879	1.51927373429146	1.84069884110344	2.21919883629247	4	0.178317983357496
1996	1.81372340326106	1.48007769826623	1.80614240268646	2.18972392586738	5	0.180834415171539
1996	1.87316067286513	1.54221070700078	1.86582864374504	2.24539945121847	6	0.17909849390512
1996	1.89945884471497	1.57396649571232	1.89285472115905	2.26228777264253	7	0.175235723859078
1996	1.86141404670996	1.53991856279787	1.85483687142893	2.2201304524637	8	0.173138983388406
1996	1.83056116699554	1.50215290130447	1.82382567481933	2.19706360774276	9	0.176919001184777
1996	1.93117907170423	1.59196712641248	1.92268876870517	2.31764052690658	10	0.184913749885226
1996	1.91892176312641	1.58025830220457	1.91096580016458	2.30206451562565	11	0.184046398108605
1996	1.85758492395786	1.52367883579747	1.8503783409791	2.2319522695978	12	0.180491759224323
1996	1.89899082230813	1.56941341121945	1.89146055427482	2.27119752741681	13	0.17881756656415
1996	1.83820294934084	1.51430194816255	1.83161683845765	2.19936172322463	14	0.174444677742815
1996	1.86842503635258	1.52988637132639	1.8603690877765	2.25210955805925	15	0.184167250887275
1996	1.85733697988389	1.52802181535389	1.85023985958624	2.22670670696095	16	0.177981387562192
1996	1.83485374242614	1.51550856052953	1.82843859279472	2.19064393445807	17	0.171971965494415
1996	1.78871394315999	1.46289582523647	1.78154314173194	2.15507403542962	18	0.176331407627161
1996	1.85640969726938	1.5313698327822	1.84961985043459	2.21979267368493	19	0.175314079749006
1996	1.85009508189303	1.51398404675378	1.84235739408471	2.22945676022234	20	0.182310586457156
1997	1.65997683878314	1.33456859206769	1.6550205388121	2.01399811994605	1	0.172847420321176
1997	1.54253441928042	1.20697809206619	1.53778237380318	1.90534854237102	2	0.17764921499437
1997	1.63539416042708	1.30415518048891	1.63036108682244	1.99551683607328	3	0.175952027264333
1997	1.57963087422904	1.24294900985817	1.57408334319918	1.94812149647052	4	0.179380674320807
1997	1.53561385608673	1.1986791169872	1.53046245553001	1.90213164367333	5	0.178943668490197
1997	1.66028589620028	1.3273660752115	1.65483218605788	2.02460377437671	6	0.177328411904038
1997	1.65827036702929	1.32605811563518	1.65363235140674	2.0171757157145	7	0.175787523711092
1997	1.65245208693685	1.32565280443257	1.6477674320985	2.00618264574721	8	0.173085180245503
1997	1.59582266607227	1.26433343793006	1.59072952811888	1.95653854081879	9	0.176114593740972
1997	1.66115228069884	1.32072070064624	1.65513621956653	2.03611494218582	10	0.181855777698958
1997	1.63655380698727	1.29533530941126	1.63052969131517	2.01221963955134	11	0.182352931536371
1997	1.59883287111011	1.25762345255891	1.59310924634085	1.97274364578213	12	0.181934211284917
1997	1.62064813605858	1.28547906415737	1.61494142270719	1.98851877552554	13	0.17886160320131
1997	1.5974250775155	1.26566687830625	1.59287474584202	1.95537248949377	14	0.17544747554256
1997	1.5871742302857	1.2442397924774	1.58099481855884	1.96545194061415	15	0.183462438649838
1997	1.60402391040974	1.2702943081559	1.59878328167296	1.96794052082091	16	0.177488672516182
1997	1.58726003101345	1.25741795328744	1.58281964362744	1.94264821982761	17	0.174340607362064
1997	1.51340420437655	1.17831338608252	1.50833528376641	1.87772796092775	18	0.17797845483413
1997	1.60792517084267	1.27556006607983	1.60323852838388	1.96727130044375	19	0.17592075985809
1997	1.5878793936572	1.24868452929677	1.58205145610315	1.9604652981165	20	0.181005316445824
1998	1.32749308813428	0.946694298876417	1.32689997921414	1.7121022099554	1	0.195125274950532
1998	1.19911708636594	0.804859313587567	1.19851826273216	1.59726488875771	2	0.202020649583097
1998	1.28665084679381	0.908141417587999	1.28531356279644	1.67314512836657	3	0.194929990879245
1998	1.20675813835879	0.81875623215777	1.20550863998203	1.60232629603402	4	0.199609005040875
1998	1.14956746696582	0.744511480968084	1.14943690913607	1.5557926517423	5	0.206926062425608
1998	1.34306151541275	0.965239620629173	1.34237417897578	1.72546248353626	6	0.193710638661999
1998	1.33322764839072	0.951994143336236	1.33238131271639	1.71978786050437	7	0.195675520506215
1998	1.35936284236579	0.983465228750088	1.35870273765947	1.73950679181359	8	0.19271594227845
1998	1.26692885620548	0.893156874459755	1.26579545497311	1.64758783612217	9	0.192190474742636
1998	1.27903260625617	0.883988654653974	1.27856182698516	1.67706536605397	10	0.202097999167747
1998	1.22009651683656	0.827275177576374	1.21885020191245	1.6204251982651	11	0.202095162926821
1998	1.22323068477755	0.835855192644257	1.22174208021741	1.61942252551162	12	0.199575373035348
1998	1.23339913915596	0.851978674728421	1.23186485653886	1.62370569256056	13	0.19659732010072
1998	1.27333708348932	0.886031327171748	1.27273111177525	1.66463732784628	14	0.198478233213373
1998	1.18312454976957	0.790190743184754	1.18196020248414	1.58311756720632	15	0.201982135457509
1998	1.2537381507049	0.872040890034634	1.2528283677232	1.64116837675948	16	0.195970767523076
1998	1.26139999776429	0.875609891948557	1.26061890539151	1.65201333200104	17	0.197893020063915
1998	1.15460054786312	0.767990717223212	1.15338192666888	1.54856141889337	18	0.19890670748095
1998	1.27909125042249	0.894161448750467	1.27850003320491	1.66782019919076	19	0.197186893417471
1998	1.21841518208686	0.832015991487795	1.21737632765058	1.61123606374269	20	0.198513841890924
1999	1.05450107811866	0.596482385565096	1.05425360061534	1.51361285990655	1	0.235353462327289
1999	0.933860260200139	0.467879124272211	0.93260831985643	1.40626342918838	2	0.240852254365379
1999	0.994346722637375	0.539408190975557	0.993645419522566	1.45339977998679	3	0.234179590394867
1999	0.90861966317427	0.454452923276052	0.907154040923151	1.37108686169658	4	0.234650845347995
1999	0.850684495415487	0.360453082167116	0.849318388968345	1.34761164021249	5	0.25405722277604
1999	1.06761681906111	0.604643048184224	1.06808928847677	1.52868629037877	6	0.237273425842966
1999	1.06641354128691	0.611014780091431	1.06650755874338	1.52237690452938	7	0.23363918774089
1999	1.11446151670749	0.658178339004979	1.1153134323759	1.56708671854428	8	0.233201510458903
1999	0.984855533403542	0.531275408019424	0.985229650793271	1.43715289776165	9	0.23207739896681
1999	0.967756530647109	0.493099530695019	0.966796453160644	1.4482156659183	10	0.24532386607872
1999	0.87132935511991	0.397086872746072	0.869232249116601	1.35661009959098	11	0.246144419078797
1999	0.914300671882384	0.460007324217542	0.912701694017535	1.37763978840856	12	0.23495499592242
1999	0.913936651742769	0.463320854869984	0.912341349389405	1.37349204813394	13	0.232983551564159
1999	1.01003197791763	0.539660040946979	1.01080094721754	1.47699714834137	14	0.240439999686827
1999	0.860757059746591	0.401430971361385	0.858576712444882	1.33195902508006	15	0.238425271077511
1999	0.963927147500946	0.506951290996844	0.963526492003098	1.42370580719655	16	0.235041919602531
1999	1.00884965574691	0.556801063191748	1.00843162242332	1.46355761293897	17	0.232255713079466
1999	0.872007245124436	0.417536087735179	0.870440309966739	1.33486263892354	18	0.234999647853045
1999	1.01790244135141	0.561631815648962	1.01763381070306	1.47634520002819	19	0.234621282053227
1999	0.914609355408418	0.451920922948063	0.913470569562155	1.38383512414091	20	0.239102925850015
2000	0.913746881708911	0.373320191176548	0.917081334917407	1.43443432739039	1	0.273131412165092
2000	0.807313092357168	0.253123022414706	0.810289792720937	1.34347929356715	2	0.280726724916699
2000	0.849598848992427	0.312854512239413	0.85245374983185	1.37016109484275	3	0.27166340480976
2000	0.756941489380139	0.21420837854763	0.759622025712755	1.28471632779001	4	0.27469786642206
2000	0.719335853534343	0.143031689151815	0.72109181892359	1.28348121435566	5	0.294897715851478
2000	0.917412548068082	0.352552733697439	0.923081872642387	1.45238075293759	6	0.283987631174921
2000	0.928293903980532	0.385784489894851	0.933366400163803	1.44536940232453	7	0.272658529626717
2000	0.983452353134203	0.429060355613021	0.990432345150575	1.50213571868126	8	0.276439727067629
2000	0.832538159720468	0.280924076051993	0.838445443397265	1.3534190263032	9	0.275795022184944
2000	0.799325463193982	0.216483868452068	0.804018328570723	1.35868649489014	10	0.294891563163477
2000	0.693634012116733	0.123812657283724	0.694731397498897	1.25557860081827	11	0.29136053878886
2000	0.759494762687765	0.219431841206851	0.761139743672546	1.28961915575012	12	0.274953790368086
2000	0.745520778647295	0.199883956078855	0.748285761906401	1.27551841295728	13	0.276013738601627
2000	0.892001506405406	0.346518778737485	0.896598787596823	1.41360423322765	14	0.274694114519987
2000	0.704488782770423	0.156261768957315	0.705398339228773	1.24618101051989	15	0.28026354144409
2000	0.810422514231774	0.259016699893954	0.814791160481593	1.3388750694006	16	0.277994961204554
2000	0.889850234779478	0.365933603062403	0.893020035755897	1.39600967822514	17	0.264297551643679
2000	0.741955638141303	0.20706809927295	0.743768279493175	1.26532312069652	18	0.271773670028004
2000	0.889522471138202	0.348955152223294	0.893652853524354	1.40865220802783	19	0.272873366140583
2000	0.755796066274259	0.188605619451215	0.759617242079113	1.30258685447347	20	0.28724762623771
2001	1.00067977111048	0.489377332911139	1.00466597413651	1.48987396928216	1	0.256946751947957
2001	0.922296600828047	0.394732586529549	0.926720003293412	1.42575342351789	2	0.264806158982186
2001	0.95349786327495	0.445917148713481	0.956874331497882	1.44318454410086	3	0.255778362166487
2001	0.871869229416131	0.356185853573926	0.875185384686107	1.37014636039566	4	0.259795837086877
2001	0.857689720628862	0.321353160121406	0.860921589432009	1.37653201969151	5	0.271889768491011
2001	1.00411320027124	0.467536548687991	1.01027657234856	1.50905917491704	6	0.268249608148162
2001	1.01713931384534	0.4969630509482	1.02314606766594	1.50712322052192	7	0.259257096504973
2001	1.06783716241125	0.536613790677515	1.07548355236143	1.56028000929986	8	0.263042654305319
2001	0.920848818572892	0.395345272577744	0.926882958546681	1.4154839166035	9	0.261813760784451
2001	0.900843341613918	0.348027819375774	0.90657036257239	1.42567712315475	10	0.277507049123128
2001	0.816271499191215	0.283731581006429	0.818054313268479	1.33895207506544	11	0.27120092456166
2001	0.886449317867953	0.379350225004059	0.888333434207862	1.38372265548086	12	0.25765105679674
2001	0.858755268451585	0.342113332179767	0.861973471389194	1.35830388041796	13	0.260458077818586
2001	1.00635302778567	0.503416050676669	1.01027269166777	1.48962589140152	14	0.253188284776419
2001	0.849071296338181	0.33928668564562	0.850437702118478	1.35153972067978	15	0.259877535674479
2001	0.909045588828194	0.387402648641028	0.913737011457895	1.40703419309461	16	0.261984939806205
2001	0.996968886928334	0.506934135026174	1.00001758927679	1.47078876444936	17	0.246859229892234
2001	0.872499948531465	0.369768129843885	0.87497329305724	1.36182649323572	18	0.254329805685829
2001	0.994907176265545	0.4827739975447	0.999710497132702	1.48283396300138	19	0.256826944159825
2001	0.874493499810759	0.338076274032377	0.879106377722359	1.3875765714898	20	0.270044549413954
2002	1.27175465348621	0.861981818649126	1.27354598934549	1.67217703056725	1	0.206578651805111
2002	1.23289532381661	0.811556091663303	1.23506844746942	1.642808441411	2	0.211874998795649
2002	1.25556582337396	0.846026180598033	1.25682454199594	1.6587011139268	3	0.207061465833313
2002	1.19807730408683	0.778451001106319	1.19955583609327	1.60998905688697	4	0.211748143665711
2002	1.20306488916883	0.778373565204714	1.20532420250074	1.61602353203757	5	0.213576085275737
2002	1.2832243395058	0.860444427330693	1.28600176046212	1.69181534145799	6	0.212022481041937
2002	1.29474072110514	0.879479398845284	1.29701871409464	1.69813841275637	7	0.208575454606367
2002	1.3298351785314	0.909309309554568	1.33299186650821	1.73380396151646	8	0.210091895822961
2002	1.2033897165224	0.781093526405867	1.20603316960564	1.61164657977609	9	0.211549097453066
2002	1.21834587913903	0.781254900104025	1.22155930188177	1.63850170121241	10	0.218447960263991
2002	1.16951650885672	0.740995715425177	1.17107848752808	1.59002056063889	11	0.216398199416063
2002	1.22548343003729	0.807546157999046	1.22653492272967	1.63821248794226	12	0.211614610044337
2002	1.19315808249194	0.775337887843358	1.19462915115101	1.60331934421466	13	0.210861715558762
2002	1.29148355561143	0.883997600103318	1.29294094614237	1.69155155473683	14	0.205729808246789
2002	1.21266368084625	0.792057041393723	1.21414146242422	1.62558626394665	15	0.21228197054065
2002	1.2063473632507	0.785068012229423	1.20867737331984	1.61543145633777	16	0.211603007509703
2002	1.27478172049412	0.871822760479812	1.27578895019363	1.67251070926289	17	0.203983730033202
2002	1.2015682870223	0.790396102849201	1.20282185205395	1.60625413175478	18	0.207803258609354
2002	1.28525291917509	0.872285228201366	1.28735777916017	1.68734987378208	19	0.207656579032299
2002	1.2094872992806	0.780380967946384	1.21215443054445	1.62458955803149	20	0.215073060722363
2003	1.63526512764832	1.31744588763214	1.6305076705579	1.98042384051589	1	0.168730392371144
2003	1.63934382831015	1.31560878653619	1.63423301582207	1.99225560281806	2	0.172219292945732
2003	1.65325648595179	1.33218491470949	1.64831236040897	2.00265493075011	3	0.170660677926437
2003	1.63321550015964	1.3086586590269	1.62781484350267	1.98869780452507	4	0.173122394803269
2003	1.64575056413748	1.31751662205368	1.64025089593801	2.00531021062768	5	0.175042849853855
2003	1.65639149436034	1.33219287476174	1.65169059715875	2.00756934029571	6	0.171849626645812
2003	1.66381566082761	1.34233483369682	1.65915130027925	2.0120561086038	7	0.170470297589471
2003	1.68032177094901	1.36056260234502	1.67589542358036	2.02538793174286	8	0.169192614016946
2003	1.59043163091246	1.26568996453221	1.5858927643243	1.94111770696636	9	0.171904925593458
2003	1.64736241748416	1.31856879706408	1.64181651338893	2.00787917495385	10	0.175382916911719
2003	1.63873141727652	1.30940450224562	1.63311004123663	2.00015326327751	11	0.17584299937172
2003	1.67275423587058	1.34268869922428	1.66727230560712	2.03406539043369	12	0.176012363271081
2003	1.63895914162543	1.31606281734064	1.63344750140794	1.99353166830996	13	0.172482918482606
2003	1.66261634675811	1.33784427024086	1.65785381633086	2.01472270069555	14	0.172267729363322
2003	1.69044675182293	1.35963905256327	1.68432430315873	2.05615255800361	15	0.177293214223232
2003	1.61037202379877	1.28481501293061	1.60550796467347	1.96396240744977	16	0.172861659814622
2003	1.6424361687482	1.32193804993186	1.63762641548159	1.990544783687	17	0.17018552639631
2003	1.63159429376641	1.3096286499553	1.62618191578278	1.98455119051218	18	0.171820410156214
2003	1.6685799216825	1.34555152223592	1.66373329030411	2.01949425479793	19	0.171530796523631
2003	1.6539809512666	1.32459099920651	1.64847099528216	2.01477964844027	20	0.175654419055619
2004	1.8416798662717	1.51438578714973	1.83517509234591	2.20572337878422	1	0.176001606628472
2004	1.87037411526492	1.53506748697624	1.86341381444462	2.2449028383217	2	0.180777474390001
2004	1.86932355204084	1.53629136633502	1.86298975216322	2.23832453981647	3	0.178752174559809
2004	1.87445784141041	1.53736928006485	1.86759412053324	2.25039764508942	4	0.181572187440738
2004	1.87925623257499	1.53449983287242	1.87198937031011	2.2648705066442	5	0.186027248411473
2004	1.86631561320022	1.52959954031566	1.85959802961642	2.24105249750145	6	0.181138504824961
2004	1.8653305526414	1.53196658854088	1.85912779206701	2.2337488885132	7	0.178684657053422
2004	1.87986606390804	1.55015987564373	1.87348420913218	2.24583682507988	8	0.177116525364905
2004	1.82022659910925	1.48468989689524	1.81380536916402	2.19221480347707	9	0.180177791228139
2004	1.87720298776407	1.53225851952035	1.86949277012565	2.26567782519569	10	0.186715703972238
2004	1.88617830495015	1.54135142342297	1.87890826624933	2.27205881623745	11	0.186090892668715
2004	1.90716911817524	1.56290657012054	1.9004136066581	2.28962759485637	12	0.185055445301335
2004	1.87659287879719	1.54010105443506	1.8696505857446	2.25240592233537	13	0.181389446704778
2004	1.87354175721843	1.53787444312987	1.8672433816797	2.24483207020056	14	0.180029859104469
2004	1.92479229044252	1.57742790291141	1.91733943290524	2.31417044345812	15	0.187668835298074
2004	1.84126819604538	1.50280873015018	1.83466832432613	2.21713248701093	16	0.18188243569533
2004	1.85789455066083	1.5293797735457	1.85165648405533	2.22180943026885	17	0.176297272193637
2004	1.86652782792669	1.53254067100698	1.85979004761907	2.23851459543448	18	0.179821643883181
2004	1.87997980031299	1.54494832804852	1.87352452276648	2.25159258571444	19	0.179967725818606
2004	1.8832153874179	1.5374831884223	1.87594672165765	2.26987949248939	20	0.186503726672255
2005	1.94668152818941	1.61264114895333	1.94075646540454	2.31427000381797	1	0.178625879759752
2005	1.98583460861052	1.64480699808631	1.97956821461659	2.36250858143049	2	0.182772995408681
2005	1.97332289576828	1.63370695809082	1.96766973315097	2.34512468537143	3	0.181110095768508
2005	1.99240860898598	1.64976790367776	1.98637420701109	2.36934503863752	4	0.183206638647998
2005	1.98332308193912	1.63434023542979	1.97715600288466	2.36726784234875	5	0.186629457613087
2005	1.96973585874335	1.62708384830577	1.9636785141911	2.34675417870646	6	0.183234711595755
2005	1.96319222194177	1.62191766408464	1.95756128303878	2.33664845323857	7	0.181953473723648
2005	1.97822931377025	1.64064215637815	1.972200870077	2.34994369542646	8	0.180602332129841
2005	1.94064519418549	1.59913378310175	1.9347481589046	2.31565933694322	9	0.182449599424261
2005	1.98131941063364	1.63213620914141	1.97485317395717	2.36728050847898	10	0.187177454022636
2005	1.99368143747709	1.64501135618749	1.98759162210639	2.37685583333547	11	0.186349206766202
2005	2.00957991543439	1.66135267179101	2.00380120861192	2.39071969989811	12	0.185686595450817
2005	1.98283611968429	1.6410862348026	1.97698025032773	2.35780429608931	13	0.182469769708937
2005	1.97933080678192	1.63727743513581	1.97360199300847	2.35401571151009	14	0.182483617644385
2005	2.01549652226677	1.66555734310073	2.00952282263455	2.39935592373408	15	0.186803887431633
2005	1.95857535134791	1.61425554448265	1.9527264172762	2.33618132248659	16	0.18379850743817
2005	1.9695830726951	1.63481669609088	1.96382404228317	2.33697635092715	17	0.178794152123333
2005	1.9762856930316	1.63643517080168	1.97048152178443	2.34903029288738	18	0.181431600583582
2005	1.97964819727076	1.63826318212616	1.9739138370046	2.35371516802133	19	0.182150909316208
2005	1.978191013156	1.62921075815399	1.97217034446465	2.36138706261408	20	0.186404534847013
2006	1.95539000800136	1.59889220483922	1.95179146728737	2.33226796319272	1	0.186393188691599
2006	1.98406553582902	1.6191311680241	1.98039656476769	2.36971071479632	2	0.190767654575532
2006	1.96928023182754	1.60528228797255	1.96594219708863	2.3523628023908	3	0.189951898470709
2006	1.99116027781851	1.62362909677527	1.9876351103364	2.37883590342791	4	0.192062087741175
2006	1.96301609890517	1.58886996983345	1.95987243301131	2.35505585822709	5	0.194670724453633
2006	1.96723744193475	1.60494415965042	1.96358068349712	2.35007800701349	6	0.189397986817888
2006	1.96893860430537	1.60762451621868	1.96532532526426	2.35086636061425	7	0.188993233043348
2006	1.97677887134703	1.6209386666057	1.9727776291603	2.35547568462333	8	0.18674727660788
2006	1.9462714152531	1.58470214519854	1.94260127676356	2.32852286741524	9	0.189118947317344
2006	1.96001032850324	1.58573468546678	1.95679980631207	2.35246487941786	10	0.194805242521364
2006	1.9721699243958	1.59715504113308	1.96899835813152	2.36548448930979	11	0.195343258737196
2006	1.98638259468068	1.61210691310319	1.98321812398891	2.37898292962458	12	0.195012506717814
2006	1.96781039743291	1.59701486755968	1.96482429932483	2.35573679179894	13	0.192855129875827
2006	1.98218289403459	1.6181727663112	1.97860723184489	2.36639390615436	14	0.190215380721268
2006	1.97417856159939	1.59392587111633	1.97154909666473	2.36953473530712	15	0.19719244605469
2006	1.96423148426191	1.59771008252694	1.96085662436582	2.34988758852959	16	0.191179065727139
2006	1.9732381349999	1.61315276014898	1.96972660620524	2.35320267811062	17	0.188137272420131
2006	1.96843655109767	1.59814239819216	1.96550639324432	2.35553913315526	18	0.192481207994145
2006	1.97516100884468	1.61094371234741	1.97180599175978	2.35837449213373	19	0.18996885019035
2006	1.95020911953037	1.5751669585309	1.94733426127458	2.34170413045335	20	0.194801088853288
2007	1.93759651783415	1.53253393303633	1.93857782614286	2.33653201193706	1	0.203603001764233
2007	1.94709870824404	1.52461124361242	1.9489153437033	2.35855150554265	2	0.211105315376868
2007	1.93602460560498	1.51936779493454	1.93734913369192	2.3449282712845	3	0.209322001051099
2007	1.9533013332874	1.52446347588564	1.95516950287402	2.3714453946606	4	0.214687917271466
2007	1.9104850216555	1.46836939812258	1.91391548766285	2.33282318030855	5	0.218840525445303
2007	1.92840790686634	1.50794929952328	1.93046384066458	2.33624259921153	6	0.209532900162814
2007	1.94227527820259	1.53360564251621	1.94300822707179	2.34620700020395	7	0.205901492611215
2007	1.94241996549912	1.5434160664324	1.9425829443286	2.3395574041114	8	0.20170267267069
2007	1.91470133092398	1.49927415647369	1.91611458549041	2.32098432497115	9	0.208052264116049
2007	1.90500234535014	1.45670563198257	1.90906773780772	2.32979984296456	10	0.220780490156284
2007	1.91145964255145	1.45847094184915	1.91526642682375	2.34344223044215	11	0.224290732362294
2007	1.9235117486279	1.47582691210033	1.92669089122794	2.35354735563104	12	0.222588103572763
2007	1.92316928173521	1.48307344013521	1.92633081971744	2.34538776769246	13	0.218537143815267
2007	1.95323350194341	1.53946709788069	1.95427271497984	2.3604232684234	14	0.207941294990437
2007	1.90293759552759	1.44006031935525	1.9076402853536	2.34042767034199	15	0.228449084202187
2007	1.9379758792225	1.51567711129798	1.93984082007268	2.34903641412653	16	0.211020344698957
2007	1.94751339979967	1.53647713484645	1.94856605383595	2.35194110830914	17	0.206614481337319
2007	1.93664376187787	1.50455083924253	1.93925730764632	2.35386815831223	18	0.215205954092912
2007	1.9402715987994	1.52194376896045	1.94198896271366	2.34810252670535	19	0.209215032262374
2007	1.89099023522724	1.43935618082336	1.89539260238989	2.31785342541794	20	0.22240997865033
2008	1.99043935744903	1.60609480446923	1.98975386056457	2.37815259564953	1	0.19572527539041
2008	1.98599557541873	1.58498620189876	1.98613956915288	2.38558770870994	2	0.202894248686011
2008	1.98173133519763	1.5853213038634	1.98159497781716	2.37843574018416	3	0.201210477866923
2008	2.00114252823736	1.59161195457356	2.00162536192215	2.40750440458497	4	0.206838639949975
2008	1.95202236659858	1.53403572955831	1.95354481431505	2.36067528096749	5	0.209406693367331
2008	1.96744656025299	1.56780109032088	1.96774737236933	2.3643679781591	6	0.201716306768556
2008	1.98422672229803	1.5944251382863	1.983549233435	2.37749643740067	7	0.198639069679452
2008	1.96624152077218	1.5823768249365	1.96531020197201	2.35470314247047	8	0.195829630457645
2008	1.95656528989432	1.56098555690186	1.95644723375658	2.35206791561289	9	0.200563729811531
2008	1.94871765502608	1.5280901978678	1.95044753222513	2.35850586239217	10	0.21020839261206
2008	1.96263816438929	1.53313328710309	1.96472366864779	2.38028722398276	11	0.214715826514107
2008	1.96979833148766	1.54477667435353	1.97137554009843	2.38588778182974	12	0.213348612256215
2008	1.98268860462898	1.56991789793692	1.98381156807281	2.38884239782759	13	0.207681412061679
2008	1.99425451165871	1.6014448209508	1.99366294567504	2.38989229891683	14	0.199933029690441
2008	1.9582944921573	1.52254703451755	1.96104323516385	2.37873458348434	15	0.217116076753362
2008	1.99091687281975	1.59027935589305	1.99108300830573	2.38989127159431	16	0.202681680419488
2008	1.99384244606652	1.60384322304275	1.993302202606	2.38643430591624	17	0.198473155981229
2008	1.99744444489686	1.59227241356815	1.99798886815436	2.39921423181434	18	0.204582051585942
2008	1.9825158342761	1.58630642918664	1.9824690187137	2.37819095166187	19	0.200749405312213
2008	1.94082452444531	1.51603397958994	1.94304116292061	2.35261260693381	20	0.211864491296315
2009	2.08839827461244	1.75867112167496	2.08304994868635	2.44865571875192	1	0.175666344186111
2009	2.07730229188585	1.74008296687681	2.07202745563968	2.44467646359921	2	0.179368196711511
2009	2.08183112973626	1.74721433677331	2.07675899937953	2.44539716310968	3	0.177771068024496
2009	2.11234182953811	1.77364965500997	2.10703794152575	2.48141621707764	4	0.180189155570527
2009	2.06151107825938	1.71853480338873	2.05650210081052	2.43301826756525	5	0.181846756752462
2009	2.06020375492955	1.72217970459795	2.05498667408551	2.42781526514098	6	0.179650155342115
2009	2.07179273708874	1.7353143966261	2.0667470719137	2.43694908654653	7	0.178631766970921
2009	2.03352635813401	1.69933898907777	2.02844798270984	2.39656786592417	8	0.177467314659052
2009	2.04816851373504	1.71012565082076	2.04323853612967	2.41427748551623	9	0.179252110748643
2009	2.0606827270299	1.71832913052437	2.05528803311716	2.4339215578968	10	0.182169951313134
2009	2.09703763957646	1.75323065178003	2.0919375420133	2.46984887727502	11	0.182432914526579
2009	2.09575760996457	1.7515759370116	2.09082641405116	2.46804561156075	12	0.182365730632494
2009	2.11050008558213	1.77488830372911	2.10526453021924	2.4760833183218	13	0.178521273088756
2009	2.07867568294339	1.74074990392845	2.07360518956153	2.44540359781277	14	0.179400597138068
2009	2.10675657205186	1.76332793380143	2.10165572896856	2.47925219121034	15	0.182242906450103
2009	2.09682889097158	1.7578414751115	2.09174688621106	2.46467729760903	16	0.179958059432272
2009	2.08609082217562	1.75394165186681	2.08097307368416	2.44751133628012	17	0.176591488488877
2009	2.11639226654097	1.78167660184527	2.11115094730462	2.48109504568038	18	0.178081333796741
2009	2.07475743771986	1.73801791264076	2.06967294596717	2.44035314368362	19	0.178812056087485
2009	2.06826238707579	1.72526694040872	2.0632543291806	2.43976487348496	20	0.181861346825986
2010	2.07131628018379	1.74622527503793	2.06527535482235	2.43072669607492	1	0.174294605464448
2010	2.05033476741168	1.71851867180946	2.04424112188307	2.41684498962251	2	0.177810149620727
2010	2.05600970437553	1.72733127887071	2.05015692836643	2.41793491700356	3	0.175931213913437
2010	2.09027786916659	1.75762782909967	2.08396891781379	2.45874636450094	4	0.178541933259626
2010	2.04571563002305	1.70822389777714	2.03963002121116	2.41769625243809	5	0.180681955815265
2010	2.03555839758668	1.70281894697805	2.02943898873227	2.40297582025078	6	0.178321548527867
2010	2.04729328858355	1.71620030149054	2.04157761383893	2.4108806475234	7	0.176857328290412
2010	2.00534541922956	1.678721454173	1.99965617232148	2.36427369460642	8	0.17452181059195
2010	2.02485278655213	1.69229030356902	2.01919597503216	2.38957352051563	9	0.177524380718631
2010	2.03266231202429	1.69339214886669	2.02608720192638	2.4092690078534	10	0.182236706536277
2010	2.08663101610752	1.74735923059754	2.08025957216567	2.46202564659912	11	0.182006416575478
2010	2.08257483449323	1.74439889570209	2.07653413121792	2.45504811347452	12	0.181042488601881
2010	2.09117490680116	1.75920104679481	2.08487901903081	2.45888061173909	13	0.178179551434607
2010	2.04587012907882	1.71369819385756	2.04016708104346	2.41044314075177	14	0.177388121848689
2010	2.09814379988283	1.75717441464507	2.09164426180679	2.47597001795435	15	0.183038085348008
2010	2.07878227290938	1.74435102551917	2.07279566148067	2.44718582246852	16	0.179002521144087
2010	2.06363146595896	1.73765251075649	2.05785578553249	2.4225314546008	17	0.174443360982616
2010	2.09822484169482	1.76750238824098	2.09203487023483	2.46406943131728	18	0.177392512695702
2010	2.04864347553092	1.71766238947815	2.04270344973796	2.41335097845043	19	0.177169785279114
2010	2.06033758842722	1.72114303128583	2.05409669267418	2.43493726526712	20	0.181824815131392
2011	1.94741466602203	1.61351086961231	1.94282040696636	2.3077651985655	1	0.176584384433293
2011	1.91145084243832	1.56929663748953	1.90681682461362	2.28033284383179	2	0.180849447412183
2011	1.90786969196455	1.56895949570813	1.90330477089474	2.27295204407063	3	0.17914276122595
2011	1.92998355636988	1.58766927342347	1.9249663338866	2.30106931650081	4	0.181504360780409
2011	1.90686744238152	1.55985185531816	1.90210946008543	2.28133948333582	5	0.183521857371544
2011	1.8982840101752	1.55890266145755	1.89363701454091	2.26452661964065	6	0.179474425568974
2011	1.91547043497697	1.57522254219506	1.91109892757042	2.28081670613579	7	0.179501642607349
2011	1.87898766961792	1.54346644399692	1.8748830208047	2.23810524408079	8	0.176689703586759
2011	1.89162805268865	1.5499347057812	1.88735063247733	2.25787924416921	9	0.180077567140192
2011	1.87934917703482	1.53098848825137	1.8744385483402	2.25605151162385	10	0.184358775151539
2011	1.93042757276092	1.58177844107277	1.92513022279278	2.30940175532345	11	0.185096747255637
2011	1.92633732623258	1.5774227917937	1.92136278487862	2.30372957972622	12	0.184782445160426
2011	1.93366406790934	1.59223462513917	1.92853769303451	2.30446365644141	13	0.181229996672963
2011	1.90348028237747	1.56195199254839	1.89921794175205	2.26950395708882	14	0.179983436527531
2011	1.9422629257149	1.59182655940167	1.93685222459373	2.32363787142322	15	0.186162718202726
2011	1.94037929852372	1.59776443870465	1.93564186199571	2.31028293693725	16	0.18125847191591
2011	1.93065766532983	1.59412829983866	1.92618641938138	2.29286367682817	17	0.177798627753491
2011	1.94985615263725	1.6094670425697	1.94480160220095	2.31917558130071	18	0.180557545409641
2011	1.90545181629969	1.56666800368906	1.90087537157472	2.27058454490727	19	0.17910038087934
2011	1.91692571999816	1.56873775721597	1.91197283611694	2.29359799037237	20	0.184357361327769
2012	1.7824999177053	1.4141079515032	1.78114712766859	2.15891866497831	1	0.189550908550233
2012	1.73428575168648	1.35687869835765	1.73288077231144	2.11997639419693	2	0.194206893856282
2012	1.71501454813738	1.34004675627968	1.71348764343695	2.09898143285082	3	0.193136286928365
2012	1.70885895807599	1.32512938220162	1.70735622723802	2.10148075242822	4	0.197547785318424
2012	1.72447350822832	1.34128469273134	1.72327250541733	2.11499202840857	5	0.196854471848764
2012	1.71883456885903	1.34367589094314	1.71782211631052	2.10025658793471	6	0.192503229371573
2012	1.74668720190912	1.37346176399177	1.74532624985875	2.12800089151692	7	0.191989355100673
2012	1.72004227806991	1.34434387934117	1.7193683536985	2.0998717866451	8	0.1922834920719
2012	1.72313748211701	1.34613294870109	1.72206880083139	2.10650941400129	9	0.193434028396671
2012	1.68695662142516	1.30071754842926	1.68592044141237	2.0795415145823	10	0.198114798922218
2012	1.71216426912735	1.32898374518694	1.7102724973362	2.10650820390577	11	0.197782165609429
2012	1.71170949469262	1.32684133818879	1.70989739538523	2.10721991835648	12	0.198541452276483
2012	1.71321552533215	1.33326670148763	1.71154265712778	2.10290649103485	13	0.195808727061807
2012	1.7238384588553	1.34549947851754	1.72276230765465	2.10880329227032	14	0.194257995060686
2012	1.72456452328735	1.34092774776165	1.72261907024927	2.11963766311098	15	0.198040912095701
2012	1.75767799299174	1.38370582832779	1.75612989186151	2.1407378110701	16	0.192576092232927
2012	1.75611060377663	1.38443955648713	1.75453516676561	2.13700867000243	17	0.191537775881291
2012	1.74504825088089	1.37036084020669	1.74319573315052	2.13060353811636	18	0.193402658728336
2012	1.71787609808612	1.34339470031213	1.716640975187	2.09982450937572	19	0.192480403869831
2012	1.71828135330866	1.33172128900659	1.71714583452736	2.11173490383713	20	0.198399633264817
2013	1.69301504338273	1.30252332809991	1.69184636228479	2.09041000785391	1	0.200979115722254
2013	1.63734318003014	1.23822438414435	1.63609812934165	2.0438495327012	2	0.205489123720883
2013	1.60776544082527	1.21106202877905	1.6064708621752	2.01216974336075	3	0.204257806133068
2013	1.58183740723778	1.1730427591534	1.58072312138507	1.99723800395255	4	0.210111053087804
2013	1.63082446085545	1.22985274990885	1.62982388792099	2.03795772738007	5	0.206012558775781
2013	1.61793408494566	1.2163845923737	1.61729867658454	2.02367017295053	6	0.205949069734301
2013	1.6551465095726	1.26125969441258	1.65405710849004	2.05561007025736	7	0.202523831454721
2013	1.64280930961416	1.23966356027585	1.64255768656469	2.04793220186585	8	0.206238304440102
2013	1.63912440520501	1.24152924952165	1.63845478727241	2.04108909892804	9	0.203802143311856
2013	1.58848917291538	1.18179047914705	1.58769760514361	2.0001544323072	10	0.20864213959725
2013	1.58318379597581	1.18148991140713	1.58159670035516	1.99444678627676	11	0.207241102578788
2013	1.58931252219271	1.18547337582517	1.58784698746771	2.00204625591278	12	0.208133514808119
2013	1.58641850114055	1.18653406285444	1.58508000039744	1.99427264701169	13	0.205832632135793
2013	1.62708076222025	1.22503080772468	1.62627413065385	2.03427172757598	14	0.206361036001682
2013	1.6004800007645	1.20373454931536	1.59877586854401	2.00730329583677	15	0.204811265324769
2013	1.65108411739036	1.25813964875775	1.64993477002598	2.05097993561731	16	0.202068828263902
2013	1.65786656585593	1.26278979762584	1.65657475514364	2.06056388921875	17	0.203433761167406
2013	1.6216856713606	1.22844155536162	1.62006004657648	2.02463742048594	18	0.20296484407491
2013	1.60979899196948	1.20905845603074	1.60901251028372	2.01556167366365	19	0.20566799311023
2013	1.61417313274333	1.2081466269495	1.61345090792192	2.02481359480206	20	0.208191374349887
2014	1.70345185700566	1.29280939565982	1.70231481804377	2.12058682642055	1	0.211414871470605
2014	1.64786515899814	1.23030806018658	1.64658281554159	2.07278908222997	2	0.215124082201476
2014	1.61992858581109	1.20986648559923	1.61842680703918	2.03873992110847	3	0.211497685647077
2014	1.59078806252307	1.17209941196674	1.58934443795823	2.01784612500694	4	0.215700104855984
2014	1.64781511100792	1.23355831419085	1.64679381475628	2.06826555666706	5	0.212986821752167
2014	1.62732795217298	1.20543530331811	1.62658639425011	2.05382299512426	6	0.216769314256174
2014	1.66443810315993	1.25091282656816	1.66359357891736	2.08314327249648	7	0.212411666533718
2014	1.67731647367348	1.26087240273041	1.67677572140715	2.0973996572786	8	0.213686603234876
2014	1.66668574063594	1.25791356453589	1.66588161446864	2.080419348342	9	0.209877132096843
2014	1.61042552579064	1.1901714334227	1.60960421425548	2.03562680191978	10	0.215768329568199
2014	1.57835369026511	1.16152855433923	1.57671214511455	2.00470037493101	11	0.215074550417314
2014	1.5952275970247	1.18000489301973	1.59375210549862	2.01909651034385	12	0.213987448707734
2014	1.58909641747963	1.17990429315629	1.58748918774	2.00752505984445	13	0.211044927671691
2014	1.64140959245139	1.22325447585516	1.64058953499491	2.06455779718409	14	0.214795911198475
2014	1.59473121349418	1.18416327693202	1.59320344414736	2.0141333866636	15	0.211638997903299
2014	1.64561502651177	1.23339678276317	1.64474608723181	2.06317013997452	16	0.211748510522549
2014	1.66900116094187	1.25836971470287	1.66751298168322	2.08825798715873	17	0.211814339845794
2014	1.61026450776266	1.2013088374334	1.60846658711833	2.02954884641552	18	0.211326532099842
2014	1.61802123030348	1.20051236261798	1.61700387347244	2.04152077375727	19	0.214772900593312
2014	1.63282549638428	1.21762409407927	1.63198844118898	2.05334682804485	20	0.213210433985865
2015	1.86748527814158	1.47150992624067	1.86549741234641	2.2750174586824	1	0.205260878133721
2015	1.81735243614897	1.41512587089433	1.81519568825248	2.23227261186932	2	0.208710271656245
2015	1.79808423811878	1.40605552098311	1.79555630666593	2.20457852719103	3	0.203822773775043
2015	1.78037651556269	1.38901448436659	1.77733483907833	2.18916950913669	4	0.204125246562804
2015	1.82413516748732	1.42948102320107	1.82188000124625	2.23189521495595	5	0.204813681480231
2015	1.79820637628149	1.39414869487996	1.79646158879217	2.21247907250804	6	0.209117825139939
2015	1.82831446528239	1.42924806492693	1.82656764213799	2.23782764017245	7	0.206399655224667
2015	1.85859484752287	1.46166624935359	1.85709785588505	2.26438142707235	8	0.205000731989447
2015	1.8449141989984	1.45396685818012	1.84302248515475	2.24695280263918	9	0.202288156674803
2015	1.80121573947964	1.40518238426035	1.79891242303515	2.21057620005416	10	0.205568898190553
2015	1.75635276166873	1.35908453472119	1.75336012465014	2.17077817083178	11	0.20712733513732
2015	1.78290479304913	1.39297890735485	1.77982122567427	2.1905360242382	12	0.20345429315123
2015	1.76777218055489	1.38107709661839	1.76470188112866	2.17206033381589	13	0.201776062167905
2015	1.81499335803546	1.41799622670662	1.8129589662615	2.22409466532937	14	0.205808624569083
2015	1.76911969773825	1.37864099752164	1.7660814697327	2.17705941036386	15	0.203684252709894
2015	1.79964941657432	1.40304624058894	1.79762807172857	2.20823714415604	16	0.205533399545197
2015	1.83443736803231	1.43820400507027	1.83212176621993	2.24413208721734	17	0.205758166161061
2015	1.76474708722383	1.36848485871658	1.76199506588272	2.17666476454495	18	0.206305983337685
2015	1.78893469730797	1.38921651281567	1.78689570442829	2.20071314399488	19	0.207274544269677
2015	1.8189333751689	1.42969129980304	1.81644547847371	2.22260362769094	20	0.202260643322386
2016	2.12966441085366	1.71922532268607	2.13038219121646	2.5366581146804	1	0.208019383287278
2016	2.08868665716896	1.66990886419045	2.08940081104968	2.50406373878675	2	0.212250269228323
2016	2.07705142001473	1.66715755675904	2.0772258066911	2.48638871168723	3	0.208515368948089
2016	2.06524208400475	1.65186521709552	2.06521611688743	2.47915956924296	4	0.210470004837834
2016	2.08737182786707	1.66801906955195	2.08819222394661	2.50280465632676	5	0.21236980317446
2016	2.06967822303309	1.64944337987744	2.07115166454301	2.48226663792463	6	0.211948667013658
2016	2.09181348327832	1.67935192280533	2.09241207607637	2.50160193930184	7	0.209213032744122
2016	2.13034516347916	1.723628930643	2.1310202666055	2.53383890990989	8	0.206085230277703
2016	2.10894148489167	1.69616912048058	2.10981949359862	2.51714849018837	9	0.208759986351195
2016	2.0808151126429	1.6596400941718	2.08188211938322	2.49652743869119	10	0.212791610187573
2016	2.03878632345558	1.61254674729897	2.03939318165402	2.46237444406378	11	0.216305677762182
2016	2.05824353797841	1.63895402850274	2.05837360369658	2.47730197780179	12	0.213319264994347
2016	2.0385555523609	1.62024140976878	2.03906555769189	2.45434521175029	13	0.212148755331166
2016	2.08082212891165	1.66869096496656	2.08132882018005	2.49077220151315	14	0.209184188216341
2016	2.03446630123595	1.60500144921907	2.03548019751203	2.45885929158675	15	0.21722654824185
2016	2.04795374707942	1.62685868594076	2.04915285957773	2.46281802706517	16	0.212664567599166
2016	2.10100539050099	1.69015133500257	2.10119402121335	2.51134318854919	17	0.209014038122044
2016	2.02620190161772	1.60395439090255	2.02688756645786	2.44513076468231	18	0.214065890254097
2016	2.0620017121597	1.64548025818969	2.06294216603483	2.47393617396923	19	0.210813444114269
2016	2.07967791029722	1.65895215583014	2.08061646182102	2.49564425796207	20	0.212764257173615
2017	2.55770402937633	2.17886610322096	2.55245130328934	2.96631655384153	1	0.200353781525845
2017	2.53211295734433	2.14571843737433	2.52676334581413	2.94882228412184	2	0.204323619302261
2017	2.53340277948947	2.15171679781757	2.52808371603392	2.94526716955082	3	0.201942736467186
2017	2.53362521580574	2.1475811531946	2.52808755510887	2.95098389391854	4	0.204471047145854
2017	2.52585066480444	2.13434804355482	2.52079157422883	2.94620457259998	5	0.206530025452144
2017	2.514695843788	2.13101996034218	2.50968113385109	2.92693398196256	6	0.202477469153248
2017	2.51991694642581	2.13626186584027	2.51468153151423	2.93327088843325	7	0.20278146297155
2017	2.5528462508011	2.17249498626673	2.54744111357843	2.96375333442462	8	0.201353149755271
2017	2.53991620288255	2.15348421434934	2.53500016140816	2.95430502264356	9	0.203738277496443
2017	2.54036847890588	2.15088595460158	2.53508735297663	2.95975435714641	10	0.205766333895594
2017	2.52648905785216	2.13466072464946	2.52141152881077	2.9471916244444	11	0.206707252721285
2017	2.52792202077304	2.13599077080487	2.5227345100526	2.94931432790209	12	0.206923732733756
2017	2.50788701538894	2.12075697679265	2.50282119105412	2.92385511094416	13	0.204321213938556
2017	2.50977828323072	2.12396456850138	2.50453959248282	2.92530782413176	14	0.203871165186867
2017	2.51544142841995	2.12251055252314	2.51060577747561	2.93602073257113	15	0.206971775296852
2017	2.47689655284954	2.08875472166994	2.47210165785354	2.89224198162134	16	0.204397314444234
2017	2.53429552983487	2.15073712629411	2.52900644613669	2.94785647254272	17	0.202817888429
2017	2.48241271254291	2.09470713093292	2.47745522727471	2.89841227717037	18	0.204483117139553
2017	2.51012775609277	2.12626717401277	2.50508201752567	2.92266625208107	19	0.202604453829193
2017	2.52470326269543	2.13222081366207	2.51976295009726	2.9453736130496	20	0.206865488858569
2018	3.07158097880201	2.58611672095857	3.05942674847215	3.62607304979293	1	0.264980675838734
2018	3.06497256370723	2.5707875981516	3.05246975199028	3.63004270482861	2	0.269880615147472
2018	3.07924018416292	2.5904884264019	3.06722828192538	3.63624437195083	3	0.2664218966504
2018	3.09485377215051	2.59921292674224	3.08238234673973	3.66133537289326	4	0.270592052668496
2018	3.0620924114912	2.56456697930424	3.04978255702347	3.62961775370672	5	0.271355327886052
2018	3.04925305382516	2.5559821113114	3.03700087636121	3.61218997127061	6	0.269148721799913
2018	3.03481255470163	2.54515197939985	3.02271358986082	3.59326889581226	7	0.267017209479984
2018	3.054529682816	2.56493842448385	3.04224302001928	3.61393932979862	8	0.26727396304683
2018	3.06527571241184	2.57654112774718	3.05339438284624	3.62147669833171	9	0.266189893633059
2018	3.09312050004842	2.59210925859382	3.08040467636791	3.66625815322834	10	0.273653676634771
2018	3.12042691243482	2.62327804585955	3.1080779732933	3.68784484030444	11	0.271233422718309
2018	3.09972157187917	2.6031988449399	3.08752886797539	3.66538285219553	12	0.270569149215782
2018	3.08328941825858	2.59412444090805	3.07113354880807	3.64158492135402	13	0.266857421700719
2018	3.028223992181	2.5366839814507	3.01608447782649	3.58879629700193	14	0.268050933368884
2018	3.10750964290767	2.61164703159805	3.09523968358827	3.67309311165982	15	0.270411257431542
2018	3.00632133853128	2.51693143105445	2.99430406827208	3.56399972007213	16	0.266753931346118
2018	3.05949734410844	2.5739364328697	3.04741848892369	3.6137857174468	17	0.264940878867088
2018	3.04579773797696	2.55853489319191	3.03367049767275	3.60206294900633	18	0.265889263833341
2018	3.05205022820199	2.56261225554591	3.03995337748705	3.6103563292814	19	0.266980634777877
2018	3.06942748793881	2.57177165208368	3.05722316438605	3.6363866272522	20	0.271211980302809
