jaar	mean	p02.5	p50	p97.5	simulatienr	sd	intercept
1985	3.06074997379975	2.81798469732077	3.05890485556867	3.3138037627939	1	0.126509772168591	3.93992047798462
1985	3.07607742812233	2.85485816425583	3.07478777749422	3.30461585820906	2	0.11469623702652	3.92697831079924
1985	2.9976652109691	2.75505060562745	2.9953394620514	3.25299220526642	3	0.127227125069144	3.92659766115024
1985	3.03192288172646	2.80065632289494	3.03028944610145	3.27239677512615	4	0.120358307058812	3.92294389001142
1985	3.14272816479146	2.91940429850213	3.14086578043375	3.37649524925539	5	0.116596098297468	3.92679947769072
1985	3.1214890970694	2.8774680481375	3.12044661789335	3.37165670122468	6	0.126181505377924	3.93791814869224
1985	2.97352232584404	2.73200876306366	2.9717774740393	3.22485376325662	7	0.125773997242993	3.9327015397752
1985	3.11779014174234	2.86714412318687	3.11492613603183	3.38396060884838	8	0.131877848879459	3.94042202837035
1985	2.93787527789842	2.71028214295017	2.93663997168897	3.17250021106743	9	0.11791917842531	3.90951090270143
1985	3.04548111657736	2.82186558171062	3.04340470254585	3.28074247671872	10	0.117023794145664	3.92144041234137
1985	2.94967643445196	2.71798425596304	2.9483418702152	3.18896001757185	11	0.120120035072427	3.91360985824369
1985	2.81544710777378	2.57398929123768	2.81337568447238	3.0683783359683	12	0.12602940444615	3.91470881785104
1985	2.97122763839875	2.73329941513893	2.96934609474736	3.21967285433538	13	0.124082176507481	3.92122002553312
1985	3.06878495138055	2.82820335456696	3.06688766789648	3.32001368297444	14	0.12547347553388	3.93341256783332
1985	3.0237386391437	2.78476989996127	3.02183715900749	3.27334308849731	15	0.124638712666867	3.92360320002334
1985	2.8298818296887	2.60778974479035	2.82854424937963	3.05956339457346	16	0.115202170704723	3.9136609297656
1985	3.0823638793704	2.83028168533793	3.07957642069217	3.3496137105335	17	0.132545338886245	3.93648617794751
1985	3.04591378604801	2.80261356490541	3.0442482766079	3.29867044586588	18	0.126660896488231	3.91722656915824
1985	3.08787541270625	2.85285581733409	3.08556599355503	3.33564517532799	19	0.12311671108095	3.93965674096734
1985	3.00607606045201	2.75978545558059	3.00441947201357	3.26173917172772	20	0.128092102553883	3.91814151979367
1986	3.38617270657637	3.22367177911857	3.38475295576396	3.5567384994994	1	0.0848934496611105	3.93992047798462
1986	3.39900135162868	3.24423722056995	3.39794396590902	3.55983194222257	2	0.0804592027621818	3.92697831079924
1986	3.33809948848344	3.17844144701525	3.33659423073116	3.50635070755218	3	0.0835883817699234	3.92659766115024
1986	3.37391442386578	3.21587369936563	3.37273256204209	3.53868160334149	4	0.0823021286801006	3.92294389001142
1986	3.45436229406547	3.29958512369997	3.45313208008161	3.61612869997126	5	0.0806854410502337	3.92679947769072
1986	3.4133380817016	3.24676827938834	3.41202573764644	3.58731463168839	6	0.0868486570991791	3.93791814869224
1986	3.35466830231297	3.19337154451804	3.35345037155516	3.52286512888206	7	0.0840092655365533	3.9327015397752
1986	3.42548412277275	3.25882141737468	3.42368611338648	3.60229468119368	8	0.0875472007036599	3.94042202837035
1986	3.28629352420714	3.12645561455113	3.28519554817516	3.45243120055249	9	0.0831150751056725	3.90951090270143
1986	3.38735174086835	3.23142513195791	3.38617992987456	3.54994575173269	10	0.0812079794291091	3.92144041234137
1986	3.32606652268726	3.17130435558929	3.32494186142829	3.48728014250435	11	0.080562073417863	3.91360985824369
1986	3.27901810148462	3.12319398181128	3.27781360122065	3.44172140820846	12	0.0811898370018962	3.91470881785104
1986	3.32152898977719	3.15701387985114	3.32017037464076	3.49375764158226	13	0.0858301625882711	3.92122002553312
1986	3.39243063078932	3.22845256234883	3.39101077641446	3.56447333948581	14	0.0856433173335219	3.93341256783332
1986	3.34698977578772	3.18033348397365	3.34557079051474	3.52169315264586	15	0.0870106013346323	3.92360320002334
1986	3.20049500682944	3.04372083935121	3.19943439134303	3.36333255668861	16	0.0814777837100822	3.9136609297656
1986	3.40024111268999	3.2315121662313	3.39845881735293	3.57906710819272	17	0.0885907316090391	3.93648617794751
1986	3.38021999270674	3.2172392972461	3.37883272019678	3.55108083549426	18	0.0851000339418438	3.91722656915824
1986	3.41043059485268	3.25269859130976	3.40896728338742	3.57649787670233	19	0.0825158175954371	3.93965674096734
1986	3.35612309734768	3.19104923201206	3.35469974883892	3.52929737282215	20	0.0862191412564646	3.91814151979367
1987	3.67947985492445	3.54062837914789	3.6789428537105	3.82136902169544	1	0.0715582471709577	3.93992047798462
1987	3.69100757292963	3.55039241058036	3.69060174900502	3.83393328121836	2	0.0722600666859992	3.92697831079924
1987	3.63969368700751	3.50333144262829	3.63913673149381	3.77924908413043	3	0.0703287176016074	3.92659766115024
1987	3.6840125615051	3.54071477409022	3.6833513266895	3.83112967250222	4	0.0740119485825665	3.92294389001142
1987	3.7402864548165	3.60131980628572	3.73981384596891	3.88189596980179	5	0.0714945159104332	3.92679947769072
1987	3.68107918239286	3.54211839152721	3.68056819853567	3.8229440543514	6	0.0715877714232818	3.93791814869224
1987	3.69073224662852	3.54680891044417	3.69011194148902	3.83820911354177	7	0.0742709652445422	3.9327015397752
1987	3.70489718600648	3.56668493433621	3.70435876075718	3.84616611066432	8	0.0712404943279827	3.94042202837035
1987	3.60707932211434	3.46687251550407	3.60660884341783	3.74997554563398	9	0.0721630229297696	3.90951090270143
1987	3.70413241638151	3.55933087070681	3.70351033365247	3.8524384986456	10	0.0746718213882866	3.92144041234137
1987	3.65314112028313	3.51056477771405	3.65257132388234	3.79894042758695	11	0.0734889463036042	3.91360985824369
1987	3.68030721882667	3.53502725964267	3.67960678032789	3.82957161473478	12	0.0750671127210398	3.91470881785104
1987	3.64722684379867	3.50337329561121	3.64673978288839	3.79381393523565	13	0.0740122048507281	3.92122002553312
1987	3.68974684385981	3.54850315171494	3.68928634580866	3.8335905270892	14	0.0726461829646485	3.93341256783332
1987	3.64873385441114	3.50500370524764	3.64839548186261	3.79436518902358	15	0.0737354266789078	3.92360320002334
1987	3.54609869488459	3.40580016680058	3.54577037188502	3.68829085523997	16	0.0720107065041297	3.9136609297656
1987	3.69267978611843	3.55255324434183	3.69214853824682	3.83579718539708	17	0.0721931339224713	3.93648617794751
1987	3.68033948952012	3.54107273808423	3.67973256547146	3.82309984532742	18	0.0718788277969015	3.91722656915824
1987	3.6996723225553	3.56453996806463	3.69918051096948	3.83755851039745	19	0.069589150369011	3.93965674096734
1987	3.67073510230586	3.52933729684086	3.67018616951615	3.81525092741104	20	0.0728845078252968	3.91814151979367
1988	3.9352816182105	3.8037345453841	3.93398698802482	4.07412922531269	1	0.0689638602937713	3.93992047798462
1988	3.95618114152874	3.82431087661187	3.95523329214239	4.09338987439153	2	0.0685833710043436	3.92697831079924
1988	3.89932542817151	3.76842385132743	3.89797388203468	4.03779258059579	3	0.0687490091811388	3.92659766115024
1988	3.94906568349885	3.81080466593989	3.94760467205194	4.09549826580159	4	0.07262696468872	3.92294389001142
1988	3.99580209361519	3.86277438928564	3.99450002789217	4.13611841694138	5	0.0697171560013351	3.92679947769072
1988	3.91925883720815	3.78985654134631	3.9178884229374	4.05639637412905	6	0.0679374942803369	3.93791814869224
1988	3.97649117748102	3.83825468528587	3.97515203763518	4.12222932205346	7	0.0724277498490668	3.9327015397752
1988	3.94680501157207	3.81565912461185	3.94544827212224	4.0855268375177	8	0.0688643733206586	3.94042202837035
1988	3.89059278561279	3.76011096455396	3.88963748258976	4.02645432520855	9	0.0678879328457231	3.90951090270143
1988	3.98150493177523	3.83969290239932	3.98003286902795	4.13153094176693	10	0.0745057478030756	3.92144041234137
1988	3.93525540967854	3.79871937544354	3.93404792203245	4.07860080240259	11	0.0713521725842534	3.91360985824369
1988	4.01277885615926	3.86901594383628	4.01167091625952	4.16286409195409	12	0.0750073406263865	3.91470881785104
1988	3.93669754632435	3.80086474224094	3.93535355240447	4.08009089956198	13	0.0712013819023983	3.92122002553312
1988	3.95327484942362	3.82118537444086	3.95201716746801	4.09245159122898	14	0.0691637586216176	3.93341256783332
1988	3.92331988772124	3.79156569669868	3.9221700314007	4.06160416426845	15	0.0688321531976291	3.92360320002334
1988	3.86174525274761	3.73048798445715	3.86076768216508	3.99850562862755	16	0.0683104237532437	3.9136609297656
1988	3.94736112524632	3.81448350447105	3.94590069671395	4.08842550410413	17	0.069884479521066	3.93648617794751
1988	3.93646167512861	3.80414386547351	3.93496605910375	4.07714869933902	18	0.0695998286637445	3.91722656915824
1988	3.9517361977746	3.82337083829936	3.95055453778141	4.08678426343417	19	0.0671887593304409	3.93965674096734
1988	3.94136482007126	3.80866004623438	3.94012998759553	4.0810147516893	20	0.0694248831844556	3.91814151979367
1989	4.12122762220617	3.99244921322068	4.12046173348344	4.25467919227624	1	0.067043649294933	3.93992047798462
1989	4.15350413239238	4.03102414137564	4.15251977543856	4.28136652899336	2	0.0639461116313146	3.92697831079924
1989	4.09228193071647	3.96078580193363	4.09183940947805	4.22692878554474	3	0.0682525986522389	3.92659766115024
1989	4.13763203915141	4.00524669979083	4.13671178989996	4.27531763111002	4	0.0690704597257976	3.92294389001142
1989	4.17940733986794	4.04927779646307	4.17886477892637	4.31304921935782	5	0.0674937405792539	3.92679947769072
1989	4.09296532476153	3.96715355691823	4.09124100426004	4.22787108801038	6	0.0666831207813838	3.93791814869224
1989	4.17829389437064	4.0471146400352	4.17754255961819	4.31382241550728	7	0.0681689793730562	3.9327015397752
1989	4.12084531448352	3.98779045274679	4.120519321759	4.25678441525472	8	0.0688689145065529	3.94042202837035
1989	4.10265817864494	3.98134051983445	4.10160647321451	4.22989821240203	9	0.0634545316671086	3.90951090270143
1989	4.17623827034022	4.03685811714363	4.17608232346217	4.31741228686791	10	0.0718899503262039	3.92144041234137
1989	4.14816086378694	4.01959584468422	4.14726012133226	4.28185472542235	11	0.06699703429474	3.91360985824369
1989	4.23842941001274	4.10114084142728	4.23854340906789	4.37595312109689	12	0.0700967816611578	3.91470881785104
1989	4.14911752670195	4.01704867976334	4.14818268696052	4.28671368246072	13	0.0689273753287215	3.92122002553312
1989	4.14545648082129	4.0164488984376	4.14467673466427	4.27921480891023	14	0.0671494187542625	3.93341256783332
1989	4.13082701376723	4.00253896848358	4.12992482000839	4.26441725120613	15	0.0669255981969308	3.92360320002334
1989	4.10434303897669	3.97958086400532	4.10333751326793	4.23473034181334	16	0.0651188674316918	3.9136609297656
1989	4.12872852232425	3.99405667269301	4.12820340073607	4.26725453215025	17	0.0699688095368454	3.93648617794751
1989	4.12213574776082	3.99281581212382	4.12087586275107	4.25838771333067	18	0.067991878169385	3.91722656915824
1989	4.13825656542743	4.01014351312516	4.13786480455579	4.26927244427132	19	0.0661879937416775	3.93965674096734
1989	4.14116151773917	4.01400433851714	4.14017472076522	4.2739013532655	20	0.0664239937697784	3.91814151979367
1990	4.16362389872478	4.05119859919423	4.16309825558426	4.27914052710147	1	0.0581732255505161	3.93992047798462
1990	4.18590597509774	4.07696530547218	4.18531466591171	4.2981660027794	2	0.0564495055308111	3.92697831079924
1990	4.14599067307597	4.0302221007556	4.14566533627542	4.26372698702685	3	0.0596469092268687	3.92659766115024
1990	4.16655289331262	4.05384230050218	4.16594670278965	4.28273176725174	4	0.0584089771892324	3.92294389001142
1990	4.21307035117759	4.09996329416255	4.21264439173351	4.32865526028789	5	0.0583714493147992	3.92679947769072
1990	4.13961650446885	4.02682509511737	4.13875907119889	4.25712970793299	6	0.0587927814175427	3.93791814869224
1990	4.21563179942383	4.10307967445944	4.21513559728981	4.33103444242392	7	0.0581677345830381	3.9327015397752
1990	4.15990134920909	4.04383725413582	4.15967700984324	4.27751312722387	8	0.0596759605407536	3.94042202837035
1990	4.16524097884486	4.05543811788914	4.16461010140529	4.27860581156741	9	0.0569292460962297	3.90951090270143
1990	4.20137840693833	4.08431582007269	4.20104649223864	4.32047121965262	10	0.0603036038881425	3.92144041234137
1990	4.20030690213651	4.08696999789886	4.19969555602811	4.31711650606616	11	0.0587072130259755	3.91360985824369
1990	4.25779630632228	4.14333681111904	4.25744555546337	4.37437387069125	12	0.0589328623130304	3.91470881785104
1990	4.20635383518896	4.09063089551054	4.20578190524367	4.32544389620839	13	0.0599308027479419	3.92122002553312
1990	4.18573130488611	4.07304377957442	4.18519383115416	4.30158695895267	14	0.0583201093973445	3.93341256783332
1990	4.18359666912074	4.06971675556764	4.1830242103498	4.30083724838495	15	0.0589915652426643	3.92360320002334
1990	4.18069415084152	4.06846200380599	4.18010921811674	4.2962482869537	16	0.0580980208840879	3.9136609297656
1990	4.16449977490932	4.04852186554665	4.16414499308004	4.28273306427195	17	0.059809412369796	3.93648617794751
1990	4.16805075596816	4.05429201386921	4.16739069994377	4.28557000262204	18	0.0590509090048698	3.91722656915824
1990	4.18708634000064	4.0738012535357	4.18680545221402	4.30214982663445	19	0.0582602636116613	3.93965674096734
1990	4.19946036289778	4.08597229384284	4.19888230154856	4.31625253000327	20	0.0587689960282516	3.91814151979367
1991	4.08446466589992	3.97546228579163	4.08443361130616	4.19366037438077	1	0.0555965731788261	3.93992047798462
1991	4.07331079380426	3.96136151716128	4.0732946997807	4.18534681860063	2	0.0570946546682154	3.92697831079924
1991	4.07627872651862	3.96643400601019	4.0761918251219	4.18665473288761	3	0.0561090813122307	3.92659766115024
1991	4.05894365812106	3.9462581513612	4.05904955231916	4.17105705911427	4	0.0572820079948568	3.92294389001142
1991	4.11732593401174	4.00667320907548	4.11733598609712	4.22790825638583	5	0.0563744178730973	3.92679947769072
1991	4.08010581624019	3.97097619993906	4.07996987697988	4.19002675550768	6	0.0558154537026488	3.93791814869224
1991	4.11835581054882	4.00394298275812	4.11847006877193	4.23214376080578	7	0.0581477128618834	3.9327015397752
1991	4.08329536831282	3.97652213596338	4.08316320917827	4.19083910426265	8	0.0546033377406846	3.94042202837035
1991	4.09486939594063	3.98562604217754	4.09468406989778	4.20515997514265	9	0.0559481613683764	3.90951090270143
1991	4.07659776679964	3.96350053023221	4.07668848879432	4.1892371375323	10	0.0575369191840884	3.92144041234137
1991	4.11194372187458	3.99649824122122	4.11193249579337	4.22748978997468	11	0.0588777026861122	3.91360985824369
1991	4.1117653933059	3.99622742832048	4.11177471160244	4.22725637002142	12	0.0589045254067791	3.91470881785104
1991	4.12295380215141	4.0119431065548	4.12288230679275	4.23440051512948	13	0.0566829384841984	3.92122002553312
1991	4.09646305989893	3.98669296779988	4.09645756255359	4.20624813578848	14	0.0559413806828511	3.93341256783332
1991	4.09423180916746	3.98551546963677	4.0941545268446	4.20342726884498	15	0.055527787718656	3.92360320002334
1991	4.10779824266566	3.99772836300054	4.10766413501867	4.21863213557093	16	0.0562918494081415	3.9136609297656
1991	4.07843087827683	3.96917945634922	4.07845359598819	4.18749121955791	17	0.0556102755690402	3.93648617794751
1991	4.09353814054367	3.98374687107538	4.09345945420573	4.20377385944401	18	0.0560530914401199	3.91722656915824
1991	4.11598409274845	4.00963597461109	4.11581669818995	4.22327047891613	19	0.0544292286810652	3.93965674096734
1991	4.12874251370614	4.01947980878089	4.12853824088819	4.23913777512287	20	0.0559751724699424	3.91814151979367
1992	3.98158878072922	3.8432707062554	3.9831235453547	4.11149203906647	1	0.0685403609490625	3.93992047798462
1992	3.93955459964979	3.79960321656291	3.94081191734111	4.07321023876652	2	0.0699558335227776	3.92697831079924
1992	3.98175857008063	3.84392163076634	3.98330234659944	4.11136940291252	3	0.0683844059335466	3.92659766115024
1992	3.92953404408511	3.77876279858962	3.93121201673909	4.0713589561933	4	0.0750337327740765	3.92294389001142
1992	3.99850727331038	3.8580119217786	3.99988478350158	4.13150265054881	5	0.0699837784880882	3.92679947769072
1992	3.99663373385567	3.86237082170383	3.99846652466589	4.12101710504881	6	0.0658819512605537	3.93791814869224
1992	4.00605995630475	3.86269143198574	4.00728003334027	4.14277662854117	7	0.0716503228753326	3.9327015397752
1992	3.98150920935033	3.84537472104906	3.98320539340479	4.10839556021915	8	0.067190048817918	3.94042202837035
1992	3.9876539367729	3.85740911925099	3.9886379774202	4.11242946879392	9	0.0649706748343662	3.90951090270143
1992	3.92551372902643	3.77163789307088	3.92615182773852	4.07467240949627	10	0.0780140912455036	3.92144041234137
1992	3.99437666850288	3.84787722459456	3.99573917475406	4.13360326167538	11	0.0730359524224472	3.91360985824369
1992	3.94316182418895	3.79506413439994	3.94313905139578	4.09034208923257	12	0.0754653031986875	3.91470881785104
1992	4.00981598827367	3.86876532648343	4.01144190063644	4.14200631558447	13	0.0697703924647096	3.92122002553312
1992	3.97733603970652	3.83372463842443	3.97912269654522	4.11118635916748	14	0.0709043720394857	3.93341256783332
1992	3.96866604147422	3.82539464006674	3.97054180786291	4.10180903620269	15	0.0706206440727512	3.92360320002334
1992	3.99145723920768	3.85465089601909	3.99280967451846	4.12084565730714	16	0.0678696349912242	3.9136609297656
1992	3.96921074681578	3.8252173017845	3.97132500813414	4.10171535352435	17	0.0707058995111019	3.93648617794751
1992	3.99285977181858	3.85367014922314	3.99481847766692	4.12164643793875	18	0.0683784999037505	3.91722656915824
1992	4.01560984679994	3.88369010699715	4.0169972937838	4.13981017694781	19	0.0653244569237635	3.93965674096734
1992	4.02047082755473	3.88520049873534	4.02185058690322	4.14825433795651	20	0.0670959936286565	3.91814151979367
1993	3.93838320679811	3.79894898092621	3.93971708824844	4.07047017038761	1	0.0694699983095416	3.93992047798462
1993	3.88577531340529	3.74675493654459	3.88679009572841	4.01977522152651	2	0.0698194727453725	3.92697831079924
1993	3.93775558946374	3.79889073692625	3.9390672931049	4.06962696532054	3	0.069359840319088	3.92659766115024
1993	3.88584396269741	3.73563973953986	3.88717085314259	4.02896021653261	4	0.075267081847319	3.92294389001142
1993	3.94206887170843	3.80223985778249	3.94314544969662	4.07599513585784	5	0.0701136662312414	3.92679947769072
1993	3.95533459507226	3.8188248966118	3.9572778192908	4.0816456285135	6	0.0670430037561607	3.93791814869224
1993	3.96830824109199	3.82899961468353	3.96909223965236	4.10332305037133	7	0.0701969872514986	3.9327015397752
1993	3.93137368298685	3.79163898803452	3.93285356303182	4.06284146950693	8	0.0694562699424401	3.94042202837035
1993	3.9319715939824	3.80069921541869	3.9328693373593	4.05830044317603	9	0.0656831155366622	3.90951090270143
1993	3.86960101485582	3.71460917899956	3.86965173623619	4.0225013814338	10	0.0793788334014296	3.92144041234137
1993	3.94373403100247	3.79745944050173	3.94483150111712	4.08411298011961	11	0.0733574220295079	3.91360985824369
1993	3.86852240881579	3.71960670414457	3.86793887338029	4.01920341386759	12	0.0765803934194284	3.91470881785104
1993	3.95292000001187	3.8094157228242	3.95439468555002	4.08840533680727	13	0.0713538704173344	3.92122002553312
1993	3.92493471058313	3.78048124015704	3.92641990543379	4.06118081566489	14	0.071831933246738	3.93341256783332
1993	3.90885018819799	3.76255665094458	3.9105226566092	4.04610673691855	15	0.0725807210548145	3.92360320002334
1993	3.92954443685963	3.78981686478125	3.93084326944033	4.06224765450522	16	0.0695506081764677	3.9136609297656
1993	3.92255071985093	3.7780890657386	3.92427226748011	4.05751073371326	17	0.0716187808430686	3.93648617794751
1993	3.94255897010749	3.80214731243281	3.94442439411278	4.07322260840257	18	0.0692772173032331	3.91722656915824
1993	3.96420663409529	3.82996791862755	3.96543061824413	4.09154148570266	19	0.0668249602141234	3.93965674096734
1993	3.96077902411319	3.82320305359196	3.96211512882517	4.09120694427645	20	0.0684563948294328	3.91814151979367
1994	3.95261161148848	3.83523424829342	3.95313133790899	4.06709323369092	1	0.0591180222896028	3.93992047798462
1994	3.90511622123319	3.78701681554122	3.90535792214048	4.02190797188844	2	0.05990254193209	3.92697831079924
1994	3.9433017054735	3.82539021119728	3.94382044732147	4.05839692421069	3	0.0594118256135468	3.92659766115024
1994	3.91924742427244	3.79725987475593	3.91976767249771	4.03837234215118	4	0.0615004837773665	3.92294389001142
1994	3.94265113013202	3.82501904226956	3.94309029544612	4.05790039871013	5	0.0593701398375324	3.92679947769072
1994	3.95708932765147	3.84032408396373	3.95762762415869	4.07080809107801	6	0.0587159431879884	3.93791814869224
1994	3.98970935305981	3.87156420972092	3.98998870804506	4.10631466802664	7	0.0598601852211275	3.9327015397752
1994	3.9346456306554	3.81589294622384	3.93535947459251	4.04952997714806	8	0.0596075523575469	3.94042202837035
1994	3.92522684539491	3.80827885439106	3.92545906184261	4.04089051113929	9	0.0593046842482282	3.90951090270143
1994	3.90296780164878	3.7767903043063	3.90343471505269	4.02662883040074	10	0.0638320703257234	3.92144041234137
1994	3.96012137690854	3.83658370459971	3.96052629384273	4.08148365745991	11	0.0624412321648104	3.91360985824369
1994	3.89211845296095	3.76566205466793	3.89221615825954	4.01795556287238	12	0.0643842994362997	3.91470881785104
1994	3.95589298111943	3.83496712948311	3.95646607661282	4.07367181473733	13	0.0608578213208562	3.92122002553312
1994	3.93646386336855	3.81686090518723	3.93705347926863	4.0528428360304	14	0.0601702231686729	3.93341256783332
1994	3.91552989653292	3.79404994901052	3.91618907155933	4.03343507119958	15	0.0610480468921418	3.92360320002334
1994	3.93041301587938	3.81036214321556	3.93083272517849	4.04811814507383	16	0.0606155385373815	3.9136609297656
1994	3.93155172600678	3.81208426290396	3.93226792946674	4.04714373176185	17	0.0599517888480181	3.93648617794751
1994	3.94246471626585	3.8248714092591	3.94298079791855	4.05722568147118	18	0.0592118324760481	3.91722656915824
1994	3.96157077798218	3.8458691289468	3.96209357007731	4.07438760764605	19	0.0582660414228046	3.93965674096734
1994	3.95168737027501	3.83329445114838	3.95211119548966	4.06775311529137	20	0.0597496544204166	3.91814151979367
1995	3.99010405824108	3.88837448032474	3.98948987367467	4.09532847077517	1	0.0527539274434045	3.93992047798462
1995	3.9544393832128	3.85095518274056	3.95392627854898	4.0608443505562	2	0.0535056365444581	3.92697831079924
1995	3.96972612295068	3.86740669324858	3.96912438580048	4.07546160851364	3	0.0530441182946654	3.92659766115024
1995	3.98018890799774	3.87561715307186	3.97950652285844	4.08862566232097	4	0.0542943007491851	3.92294389001142
1995	3.96604908627155	3.86312164890987	3.9653845844376	4.07273146203566	5	0.0534324647800086	3.92679947769072
1995	3.97653109049905	3.87402273222879	3.97598536037545	4.08211490279084	6	0.0530444950837352	3.93791814869224
1995	4.03464611557801	3.92925192112991	4.03406355123015	4.14336474168123	7	0.0545910615271312	3.9327015397752
1995	3.96688919524474	3.86658524988573	3.96638695834666	4.07003773141901	8	0.0518424020193237	3.94042202837035
1995	3.94552629757005	3.84152777997297	3.94512459416835	4.05180416227889	9	0.0536120371116867	3.90951090270143
1995	3.97705496141991	3.87222616625336	3.97638894630147	4.08564250541541	10	0.0544062066248059	3.92144041234137
1995	4.00637980841017	3.89928728737978	4.00572532293932	4.11717308919491	11	0.0555472971606776	3.91360985824369
1995	3.97114591467403	3.86517645420486	3.97063710969248	4.08000869988128	12	0.0547561194611998	3.91470881785104
1995	3.98890399877842	3.88569975895808	3.98831856997526	4.09545874661917	13	0.0534717232739341	3.92122002553312
1995	3.97704172374912	3.87503952802969	3.9764228099216	4.08257245799141	14	0.052895845455964	3.93341256783332
1995	3.95526625070746	3.85306112135814	3.95469943353457	4.06071739708795	15	0.0529348512832524	3.92360320002334
1995	3.96478417115111	3.86155940226793	3.96436398608303	4.0704025544363	16	0.0532361790379976	3.9136609297656
1995	3.96671551900435	3.86552781757152	3.96610112015626	4.07141896366538	17	0.0524708059097969	3.93648617794751
1995	3.95911275951206	3.8563140797054	3.95847493434945	4.0655470030776	18	0.0533225193313875	3.91722656915824
1995	3.98508974302107	3.8848639463425	3.98456487862761	4.0882814474998	19	0.0518435507968217	3.93965674096734
1995	3.96462543130664	3.86132275245911	3.96406858033081	4.07109342564333	20	0.053475221076134	3.91814151979367
1996	3.97834316538829	3.87172254183378	3.97725826256706	4.09109049073545	1	0.0559988024940569	3.93992047798462
1996	3.94019002576476	3.83434241496289	3.9393261034915	4.05072402022692	2	0.0552405613986717	3.92697831079924
1996	3.9483897835135	3.84295880785168	3.9474329400778	4.05917919617129	3	0.0552055614106235	3.92659766115024
1996	3.9751714689875	3.86283374268334	3.97401350187978	4.09393114594408	4	0.0590925820227498	3.92294389001142
1996	3.93306531776792	3.82508434343279	3.93211873004613	4.04644523426429	5	0.0565493682278898	3.92679947769072
1996	3.95482668506833	3.85094677086307	3.95366342887919	4.0651632067696	6	0.0546253646475685	3.93791814869224
1996	4.0157647761823	3.90478606907867	4.01499895366553	4.13105190758747	7	0.0577917709136248	3.9327015397752
1996	3.96296806682464	3.85881472293172	3.96188404699865	4.07325388029468	8	0.0547078888674147	3.94042202837035
1996	3.92822119330221	3.82494533792181	3.92746946386754	4.03576220876989	9	0.0537517017497247	3.90951090270143
1996	3.98451254768504	3.86950118090762	3.98373998445483	4.1041678714671	10	0.0600807451549013	3.92144041234137
1996	3.98634888365116	3.87386698273058	3.98526375290591	4.10485410930374	11	0.0590203909005364	3.91360985824369
1996	3.98529407280891	3.8727225150786	3.98468830857988	4.10152072771254	12	0.0583716987711005	3.91470881785104
1996	3.96991065272763	3.86214272306519	3.96874453205051	4.08423351633862	13	0.056655228148297	3.92122002553312
1996	3.96407403334597	3.85663724124347	3.96290953881746	4.07809884975066	14	0.0565139846145112	3.93341256783332
1996	3.94406888181684	3.83732106781396	3.94287662959117	4.05750795621374	15	0.0561660395281239	3.92360320002334
1996	3.950962032216	3.84603199132891	3.95007794390887	4.06083698413831	16	0.0547738739212717	3.9136609297656
1996	3.95519835814699	3.84941819445374	3.95398212040898	4.06781282449194	17	0.0557247045532011	3.93648617794751
1996	3.92491378798193	3.81971745518419	3.92373254268708	4.03664641920288	18	0.0553427066161025	3.91722656915824
1996	3.96732279946358	3.86389731019608	3.96633074206867	4.07645170172572	19	0.0542121515323208	3.93965674096734
1996	3.92953145301852	3.82437865927525	3.92853168152728	4.04026670150126	20	0.0550842080008027	3.91814151979367
1997	3.85320405876559	3.75220772822474	3.85249178089141	3.95823008785673	1	0.0525013477305716	3.93992047798462
1997	3.8019056826454	3.69809221462576	3.80137828683303	3.9087212316265	2	0.053691148961876	3.92697831079924
1997	3.83237730904414	3.73057130701738	3.8317919584639	3.93754370372737	3	0.0527497914850209	3.92659766115024
1997	3.83495203395126	3.72968098713986	3.83411257193671	3.94495796674298	4	0.0548946303602503	3.92294389001142
1997	3.78365293086043	3.68210505426809	3.78303655820449	3.88871969822454	5	0.0526555518985645	3.92679947769072
1997	3.84754452095587	3.74610603364413	3.8470060128289	3.95208307289739	6	0.0524932443852555	3.93791814869224
1997	3.87416527635081	3.76832748668113	3.87354243402928	3.983544062326	7	0.0548769379329108	3.9327015397752
1997	3.87049642010263	3.76954809036907	3.86968389055438	3.97608613354923	8	0.0526345350090232	3.94042202837035
1997	3.81724574281282	3.71472262678099	3.81672805760661	3.92272519380068	9	0.0530248067338817	3.90951090270143
1997	3.85057963587901	3.74456154367443	3.84975919185075	3.96124595019571	10	0.0552585939491817	3.92144041234137
1997	3.82307047452769	3.71773377266387	3.82233924240168	3.93254798293934	11	0.0547524649432672	3.91360985824369
1997	3.8452776510659	3.73746180251986	3.8446075730679	3.9568727848968	12	0.0559449704678215	3.91470881785104
1997	3.83939830552942	3.73569422314221	3.83865379896181	3.94730880543537	13	0.0539305860611651	3.92122002553312
1997	3.83637509960673	3.73441130640629	3.83563173898064	3.94253743092866	14	0.0530425781446274	3.93341256783332
1997	3.822118632137	3.71935830190019	3.82140274014656	3.92892860527157	15	0.0534050591787387	3.92360320002334
1997	3.83015127357976	3.72645556924591	3.82956887631345	3.9371691780143	16	0.0537195507109226	3.9136609297656
1997	3.84830070041613	3.74673645874246	3.84756693260369	3.95400879640708	17	0.052815412886162	3.93648617794751
1997	3.79398012800366	3.69128390311841	3.79345676772627	3.89966850455108	18	0.0531053384464553	3.91722656915824
1997	3.85300801086966	3.75255515373338	3.85235408449985	3.95718210592427	19	0.0521377478308405	3.93965674096734
1997	3.79574047323183	3.69351872637693	3.79514076719315	3.90139409026827	20	0.0529787052008512	3.91814151979367
1998	3.67838024739269	3.56305518261914	3.67849408371425	3.79304877246368	1	0.0586764386615033	3.93992047798462
1998	3.6199760606773	3.50318711576854	3.62001966291777	3.73655371885186	2	0.0595042951450241	3.92697831079924
1998	3.67965776817691	3.56124589814237	3.67974967832944	3.79757646926592	3	0.0603217357063062	3.92659766115024
1998	3.6341733787895	3.51659820417817	3.63428566774744	3.75112733696577	4	0.059816874592498	3.92294389001142
1998	3.58487349910372	3.46276561607528	3.58491257572772	3.70676526227705	5	0.0622915980898201	3.92679947769072
1998	3.70150173559388	3.58430960210858	3.70181463846991	3.81700791724091	6	0.0593427294225833	3.93791814869224
1998	3.67645186022117	3.55961714653844	3.67653753055141	3.79284220503542	7	0.0594760484885289	3.9327015397752
1998	3.73100745615047	3.61928377269759	3.73106445132684	3.84245328303084	8	0.0569307875916247	3.94042202837035
1998	3.65995569597704	3.54753811985324	3.65993460293337	3.77251203951896	9	0.0573619069087116	3.90951090270143
1998	3.65003187201272	3.53004180011474	3.65014790334189	3.76938077781381	10	0.0610785302840002	3.92144041234137
1998	3.59146531818214	3.46965323124247	3.5915669371069	3.7127202604052	11	0.0620209239152779	3.91360985824369
1998	3.6362192525164	3.51767162746792	3.6362037304491	3.75486975636928	12	0.0604859449735694	3.91470881785104
1998	3.65691439664755	3.53874377873591	3.65704689868851	3.77431048774973	13	0.0600845503094942	3.92122002553312
1998	3.65648068439154	3.53917064038019	3.65661149405963	3.77303498565415	14	0.0596556682186691	3.93341256783332
1998	3.65220760538338	3.53419714539865	3.65238269607527	3.76921921923173	15	0.0599391454535446	3.92360320002334
1998	3.66531247979855	3.55209254255426	3.66530615997172	3.77860559466461	16	0.0577556814401069	3.9136609297656
1998	3.69631737281523	3.57845944097031	3.69647308387747	3.81329281661039	17	0.0599113182832083	3.93648617794751
1998	3.6308282839922	3.50837465969265	3.63109444393967	3.75183364387495	18	0.0621186227300888	3.91722656915824
1998	3.69607701167868	3.58208182437253	3.69612473349133	3.80978850385629	19	0.0580949319535786	3.93965674096734
1998	3.61912975494019	3.50198894629571	3.61923220564054	3.73572492009928	20	0.0596270908572057	3.91814151979367
1999	3.55204930007769	3.40988129318143	3.5516340533731	3.69591060832529	1	0.0732399788831693	3.93992047798462
1999	3.49870203859176	3.36361544066842	3.49870959379084	3.63390577785245	2	0.0690334991221655	3.92697831079924
1999	3.5725413161152	3.42837067242437	3.57189248923243	3.71949929041983	3	0.074791662064668	3.92659766115024
1999	3.48431433501158	3.33964812425627	3.48390307399826	3.63089979012683	4	0.0745818717488658	3.92294389001142
1999	3.45230868281458	3.30090852389522	3.45113387442313	3.6085747730952	5	0.0790623217580327	3.92679947769072
1999	3.59363740768433	3.44680298435721	3.59489772372239	3.73448598513986	6	0.0737344021274552	3.93791814869224
1999	3.52975472807447	3.39092393935337	3.52936538533921	3.67052470293818	7	0.0715056664251099	3.9327015397752
1999	3.61770880699673	3.47859025304333	3.61715452851812	3.75908408536271	8	0.0718272637427059	3.94042202837035
1999	3.54343551140935	3.41228040266109	3.54366683125082	3.67328432006618	9	0.0666479440208155	3.90951090270143
1999	3.5087478517274	3.36199921700634	3.50761703994242	3.66066200802244	10	0.0766014464684183	3.92144041234137
1999	3.42808179733755	3.27644511047069	3.42766115901055	3.58170278363655	11	0.0782066372619614	3.91360985824369
1999	3.48466651946999	3.34584546742946	3.48401265141649	3.62675848371524	12	0.071689188399456	3.91470881785104
1999	3.52243250888061	3.37637623215979	3.52235675128331	3.66852887371842	13	0.0747802339433914	3.92122002553312
1999	3.52726543230559	3.38087483519195	3.52693560719116	3.67476395103437	14	0.075248653604108	3.93341256783332
1999	3.53257816514978	3.38751145339547	3.53264003050156	3.67696158407923	15	0.0740953555786406	3.92360320002334
1999	3.54071707514434	3.40852157816636	3.54084826719449	3.67224205863769	16	0.0673216571552033	3.9136609297656
1999	3.58796146337973	3.44142960786394	3.58753613466311	3.73592153670769	17	0.0754787199804002	3.93648617794751
1999	3.52144367848471	3.37207732533772	3.5217935203328	3.66904568047827	18	0.0761601383888419	3.91722656915824
1999	3.57844098211235	3.43954814165809	3.57784715590068	3.71987925582009	19	0.0716462633461777	3.93965674096734
1999	3.49544493900891	3.35364678445011	3.4953817889069	3.63748787627709	20	0.0726675433357317	3.91814151979367
2000	3.50018119683827	3.33457732221119	3.49967163369381	3.66660146563816	1	0.0852953562048295	3.93992047798462
2000	3.45251459764529	3.29780601171977	3.45297461975094	3.6053218358384	2	0.078689309969974	3.92697831079924
2000	3.53327313029067	3.36760314432116	3.53225419466144	3.7015122617732	3	0.086325810277835	3.92659766115024
2000	3.41544017850718	3.24224354855465	3.4150664841468	3.58958825465417	4	0.0893280111294113	3.92294389001142
2000	3.41398153936561	3.24203748512045	3.41248314419536	3.59037841044443	5	0.0898603179344245	3.92679947769072
2000	3.55140986694966	3.38007757582716	3.55415382834819	3.71067159734943	6	0.0851369129215418	3.93791814869224
2000	3.45550820670974	3.29121774087448	3.45494846130459	3.62154870339131	7	0.0847959175817089	3.9327015397752
2000	3.55870028389963	3.38969516849902	3.55761871395001	3.7294993419981	8	0.0874201311821423	3.94042202837035
2000	3.49218974743137	3.34118332034219	3.49293731570099	3.63871563760272	9	0.0761114850424087	3.90951090270143
2000	3.44999669507819	3.27707485924887	3.44812569893876	3.62935671051109	10	0.0908187278569837	3.92144041234137
2000	3.37024189134857	3.19505211763881	3.36996490264928	3.54614887225755	11	0.0902464752458469	3.91360985824369
2000	3.41756654395209	3.25634333355806	3.41645828882857	3.58342467064124	12	0.0834872309367208	3.91470881785104
2000	3.4653373960562	3.29339790306441	3.46556948013706	3.63478246561536	13	0.0876736271378818	3.92122002553312
2000	3.47893258397816	3.30821846749897	3.47864959364742	3.6492869160773	14	0.0875618723680035	3.93341256783332
2000	3.49124495218863	3.32425146200446	3.4915971772126	3.65537403604296	15	0.0849797225111263	3.92360320002334
2000	3.48236404580312	3.32883263808661	3.48299116953702	3.6324190122174	16	0.077588390985338	3.9136609297656
2000	3.5479244898697	3.37759657826237	3.54745078534746	3.71808045759968	17	0.0876018566230688	3.93648617794751
2000	3.4862902776588	3.31691805612077	3.48724113112536	3.6508035706497	18	0.08592480053542	3.91722656915824
2000	3.52315552441135	3.35971152149857	3.52223320232289	3.68879974912584	19	0.0842459420819271	3.93965674096734
2000	3.44594233482126	3.28114898707418	3.44620411684149	3.60882722599608	20	0.0841973892283404	3.91814151979367
2001	3.55887549100157	3.40017755729033	3.55895345370856	3.71605821826357	1	0.0810136206737559	3.93992047798462
2001	3.53155219390234	3.38261124054086	3.5321386891975	3.67760934434696	2	0.0754203885407375	3.92697831079924
2001	3.59413372535662	3.43518323615167	3.59398789939172	3.75251774234318	3	0.0817786545712718	3.92659766115024
2001	3.48203333565159	3.31550034976463	3.48221275207221	3.64699220082199	4	0.0851049912411642	3.92294389001142
2001	3.49976677300634	3.34001763737165	3.49947944567503	3.65984492862204	5	0.0821803947725482	3.92679947769072
2001	3.61141746589598	3.45193195548236	3.61357247565838	3.76042878875972	6	0.0791151352290021	3.93791814869224
2001	3.51142696556146	3.3518466129153	3.511432679979	3.67020632109185	7	0.0816345950255734	3.9327015397752
2001	3.604040686531	3.44004183228813	3.60368421547719	3.76718439759531	8	0.0841029693075466	3.94042202837035
2001	3.55095804005943	3.404151853405	3.55175818898892	3.69320982069351	9	0.0738592390887799	3.90951090270143
2001	3.52506227128189	3.36123604671731	3.52437889379384	3.69092163133912	10	0.084753057973468	3.92144041234137
2001	3.46454635168577	3.30298918329704	3.46475849755979	3.62474540806471	11	0.0824379054271577	3.91360985824369
2001	3.48958932537161	3.33417568917737	3.48901481310725	3.64726449112861	12	0.0799384946329814	3.91470881785104
2001	3.53155041054212	3.36932513157401	3.53218985475351	3.68970032804529	13	0.0821214477577037	3.92122002553312
2001	3.54946178986116	3.38892836246115	3.54969877685883	3.70775832825022	14	0.0817197095814978	3.93341256783332
2001	3.56421318828685	3.40807335506478	3.56485013068331	3.71651412687059	15	0.0789779359818378	3.92360320002334
2001	3.53869290669404	3.38991093356485	3.53939881779989	3.68355452543301	16	0.0749985748930853	3.9136609297656
2001	3.61248349375228	3.45316632219092	3.61272038317213	3.76933189026402	17	0.0811523113401315	3.93648617794751
2001	3.55161971274278	3.39220879031169	3.55274685022977	3.70511125108333	18	0.0802887980261352	3.91722656915824
2001	3.57040466816482	3.41168545548343	3.57010675135727	3.72875562701921	19	0.0811609991507231	3.93965674096734
2001	3.51167939317773	3.35400010878644	3.51229217771417	3.66584290379531	20	0.079972273824661	3.91814151979367
2002	3.71476509454752	3.5866288528137	3.71522975367871	3.84030903580483	1	0.0647420519484389	3.93992047798462
2002	3.71418785876045	3.58905802552939	3.71442487163876	3.83797421407647	2	0.0634740216388251	3.92697831079924
2002	3.7449672722278	3.61648127986904	3.74547339426816	3.87076356028043	3	0.0649389152041197	3.92659766115024
2002	3.66499390304775	3.53220504739923	3.66551328171641	3.79491413660393	4	0.0670495590018149	3.92294389001142
2002	3.6813731769209	3.55422669928909	3.68178931690814	3.80621924942042	5	0.0643129179751068	3.92679947769072
2002	3.75086214467174	3.62489764032738	3.75148935118304	3.8734321840581	6	0.0633731500963166	3.93791814869224
2002	3.68226595355803	3.55230066928903	3.68267644948821	3.80996007815301	7	0.0657557999250495	3.9327015397752
2002	3.74145174450011	3.61070279033504	3.74201339768385	3.86901875348042	8	0.0660104862046893	3.94042202837035
2002	3.70346701954467	3.57879889117243	3.70376857046811	3.82649880843124	9	0.063153620703416	3.90951090270143
2002	3.71037507050231	3.57977434288784	3.71078581086285	3.83872291100759	10	0.0661053955007606	3.92144041234137
2002	3.66894530074234	3.53914789058521	3.66926911063345	3.79699551049432	11	0.0657579990302039	3.91360985824369
2002	3.68503245203943	3.55543217735346	3.68522610010115	3.81352431484878	12	0.0658282490396187	3.91470881785104
2002	3.69814503223177	3.5692776203584	3.69864813662477	3.82421099732378	13	0.065019022283639	3.92122002553312
2002	3.71675764341934	3.58819039775042	3.7172484381148	3.84258389670391	14	0.0648981205485811	3.93341256783332
2002	3.72461256748754	3.59776229801181	3.72507889481264	3.84884434216411	15	0.0640302063085193	3.92360320002334
2002	3.69457842543762	3.5693750535681	3.69489473965153	3.81803799429377	16	0.0633962337452365	3.9136609297656
2002	3.7583273740426	3.63062216407404	3.75891408959925	3.88279926692774	17	0.0643557950113324	3.93648617794751
2002	3.70221320560764	3.57413213054665	3.70280120346325	3.82710602774254	18	0.0645236542695249	3.91722656915824
2002	3.71219613376437	3.58355634723436	3.71262143395832	3.8383175867264	19	0.0650483592014684	3.93965674096734
2002	3.67646481948695	3.54834156367623	3.6769613920986	3.80185392925946	20	0.0646737870678947	3.91814151979367
2003	3.91893296266282	3.814928887803	3.91830774827985	4.02650859113791	1	0.0539223678600114	3.93992047798462
2003	3.94099513202079	3.83440961573462	3.94043708007269	4.05076671102931	2	0.0551617946352754	3.92697831079924
2003	3.93728686041869	3.83222790903479	3.93663137764201	4.04606904407855	3	0.0545035592996701	3.92659766115024
2003	3.90698365283442	3.80090922976413	3.90629890364708	4.0169479853391	4	0.0550611021156438	3.92294389001142
2003	3.90424756716294	3.79824241005802	3.90349333763905	4.01452564104614	5	0.0551348310861211	3.92679947769072
2003	3.91877956867144	3.81345236979351	3.91819082668812	4.02748402924053	6	0.0545516087037584	3.93791814869224
2003	3.91140586620957	3.80448306283417	3.91077955078615	4.02188301981685	7	0.0554319848659853	3.9327015397752
2003	3.92406249751661	3.82161480880234	3.92348988705617	4.02980550534586	8	0.0530634237357396	3.94042202837035
2003	3.90147633687249	3.79587437308053	3.90099355788294	4.00982923524518	9	0.0545361434971019	3.90951090270143
2003	3.9389095144759	3.82966732470244	3.93810973740253	4.0526847009065	10	0.0568694718443156	3.92144041234137
2003	3.917164470287	3.80696528448607	3.91637216320475	4.0318599518215	11	0.0573350352607013	3.91360985824369
2003	3.94126706534679	3.83245253674461	3.94062846330845	4.05368217575647	12	0.0564129534699377	3.91470881785104
2003	3.90872386672529	3.80231187941592	3.90799346119005	4.01927989605276	13	0.055296135489004	3.92122002553312
2003	3.9298122226841	3.82452323403428	3.92910583116235	4.03911246519816	14	0.054686300910789	3.93341256783332
2003	3.92586010355473	3.81983121502521	3.92514752694548	4.03593507650667	15	0.0550731676864239	3.92360320002334
2003	3.8967857682697	3.79067754028705	3.89626224385578	4.00588144996728	16	0.0548541608704379	3.9136609297656
2003	3.94128187968753	3.8361690679167	3.94052667391555	4.05066027151199	17	0.0546631964351784	3.93648617794751
2003	3.89182391618403	3.78616743249561	3.89114264831605	4.00135430527363	18	0.0548358808410022	3.91722656915824
2003	3.90522797710516	3.80285412257666	3.90468415279667	4.01068261555049	19	0.0529729445712351	3.93965674096734
2003	3.89095477935615	3.78601246083061	3.89033099509302	3.99944834367043	20	0.0544038941267278	3.91814151979367
2004	4.04788072599927	3.94204846643373	4.0470202385154	4.15855280678962	1	0.0552359106931738	3.93992047798462
2004	4.06939735226391	3.96316060815254	4.06879633350652	4.1790270494781	2	0.0550667581156399	3.92697831079924
2004	4.05651566713455	3.94869728739129	4.05569962948466	4.16891321916026	3	0.0562214261833652	3.92659766115024
2004	4.0527799637864	3.94397768731911	4.05187665922479	4.16664511682814	4	0.0568276876185339	3.92294389001142
2004	4.03052573615591	3.92238719974908	4.02973825268146	4.14312001424944	5	0.0563452610322917	3.92679947769072
2004	4.02281025098725	3.91733927913594	4.02194757800415	4.13309485417987	6	0.0550231535928772	3.93791814869224
2004	4.03608397499113	3.92710342759852	4.03542872649532	4.1487536595065	7	0.0565583778459662	3.9327015397752
2004	4.03828400720428	3.93350517672546	4.03742736952522	4.14789088669791	8	0.0547104930521533	3.94042202837035
2004	4.02429449604738	3.91949457566083	4.02370144467594	4.13246074577251	9	0.0543114686353351	3.90951090270143
2004	4.05880401738655	3.94714895023309	4.05803112873672	4.1748385586676	10	0.0581492179225616	3.92144041234137
2004	4.05934509421699	3.94747064127132	4.05843866305008	4.1763079204266	11	0.0583997143139933	3.91360985824369
2004	4.07639150418536	3.96617260017789	4.07573447977367	4.19038563124814	12	0.0572035795129488	3.91470881785104
2004	4.03071930176022	3.92260306378309	4.02979615377678	4.14402318545046	13	0.0564854195296563	3.92122002553312
2004	4.05967833257187	3.95226128347346	4.05876782787651	4.17222541569068	14	0.0561248002937202	3.93341256783332
2004	4.0458759634477	3.93903207385306	4.04498908808357	4.15769305162907	15	0.0557738243994001	3.92360320002334
2004	4.01907330564436	3.91347561183616	4.01847073611576	4.12808763017274	16	0.0547245830846966	3.9136609297656
2004	4.05065189619119	3.94353511335127	4.0497138506198	4.16308096927834	17	0.0560376371516559	3.93648617794751
2004	4.01022786845558	3.90384914490389	4.00926229384719	4.1220043005643	18	0.0556537119198705	3.91722656915824
2004	4.02850076854632	3.92431492981386	4.02768724453884	4.13729017499941	19	0.0543290048128356	3.93965674096734
2004	4.02464444053967	3.91818423201438	4.02379483716179	4.13587575487501	20	0.0555338342007737	3.91814151979367
2005	4.11608705093153	4.01110718795826	4.11539666466286	4.22501311757638	1	0.0545835954549297	3.93992047798462
2005	4.13092782897909	4.02586567215614	4.13044955123079	4.23866498805578	2	0.0542693083472938	3.92697831079924
2005	4.11569012915507	4.0086806557832	4.11501180665277	4.22653537821839	3	0.055619788704247	3.92659766115024
2005	4.12527791976974	4.01798396682839	4.12456243462157	4.23663499719131	4	0.0557952343283457	3.92294389001142
2005	4.09248109350305	3.9868017848285	4.09183597030277	4.20180772523711	5	0.0548646006270707	3.92679947769072
2005	4.07899586745808	3.97391941060081	4.07829562885178	4.18799125841476	6	0.0545902735395412	3.93791814869224
2005	4.09035781571179	3.98353616057972	4.08983680721646	4.20016478702659	7	0.0552622758597904	3.9327015397752
2005	4.09667088558496	3.99153650309898	4.09599083821662	4.2056808254528	8	0.0546572518128264	3.94042202837035
2005	4.0852568413911	3.9809849629515	4.08475811608702	4.19235330586663	9	0.0538961657608555	3.90951090270143
2005	4.10617302040296	3.99854710166942	4.10552426413208	4.2174716544825	10	0.0558649611319721	3.92144041234137
2005	4.1209491392238	4.01279906887542	4.12025474597203	4.233005127671	11	0.0561778461825493	3.91360985824369
2005	4.13316252557953	4.02568312459068	4.13259203798223	4.24390478171829	12	0.0556547687196968	3.91470881785104
2005	4.08855640651303	3.98235615002153	4.08782585648543	4.19893968634588	13	0.0552471807970851	3.92122002553312
2005	4.12281799832199	4.01721144032697	4.12210678060384	4.23248994745653	14	0.0549223953645963	3.93341256783332
2005	4.10699158767439	4.00154087555753	4.10627782764397	4.21651096001052	15	0.0548280389362833	3.92360320002334
2005	4.08767564713352	3.98258191683465	4.08718994005078	4.19553656156436	16	0.0542968298687468	3.9136609297656
2005	4.10207853964773	3.99684462658082	4.10135637782654	4.21142078243674	17	0.0547510798095586	3.93648617794751
2005	4.0718352482203	3.96683529121588	4.07105769299751	4.18123115186614	18	0.0546876311616513	3.91722656915824
2005	4.09263211282193	3.98856768359775	4.09198205123324	4.20044058641678	19	0.0540671063913136	3.93965674096734
2005	4.09454761798398	3.98889823983949	4.09384213556417	4.20418006656111	20	0.0549241437311127	3.91814151979367
2006	4.1076881624797	4.00176656893959	4.10735020157657	4.21552723059508	1	0.0544674835030417	3.93992047798462
2006	4.10787891442113	3.99712749478432	4.10772559931187	4.2194988911379	2	0.0566665531416339	3.92697831079924
2006	4.10330028543159	3.9964420714445	4.10288117879695	4.21248584614227	3	0.0550555982699699	3.92659766115024
2006	4.10572806743799	3.99777277590446	4.10542621719147	4.21541606598088	4	0.0554602941094538	3.92294389001142
2006	4.07324423346063	3.96568973048972	4.07302529404158	4.18199623837495	5	0.0551133454257551	3.92679947769072
2006	4.0753964171701	3.96887992825101	4.07506062105533	4.18382151156365	6	0.0547744922375828	3.93791814869224
2006	4.06242270513897	3.95235207798627	4.06231324228682	4.17312079791407	7	0.0562499267659401	3.9327015397752
2006	4.08578995809754	3.98193299140306	4.08532712638828	4.19223339658649	8	0.0536003377085369	3.94042202837035
2006	4.07204934665304	3.96408640534872	4.0718098272529	4.18136071214581	9	0.055389053487462	3.90951090270143
2006	4.06250026547799	3.95166852693437	4.06242286716235	4.17379382839298	10	0.0565874014373139	3.92144041234137
2006	4.08404463637369	3.97313602359599	4.08388088586329	4.19587084445066	11	0.0567523007794433	3.91360985824369
2006	4.08767115064101	3.97553802756654	4.08754081200404	4.20055892566984	12	0.0573441805436205	3.91470881785104
2006	4.06597889887096	3.95741199635608	4.06575746321275	4.17575776003053	13	0.0556333328040971	3.92122002553312
2006	4.10363787057037	3.99718752267806	4.10336216390326	4.21165771074805	14	0.0546463768219068	3.93341256783332
2006	4.09429888764289	3.98599815159237	4.09403767213712	4.2040705457127	15	0.05556091919682	3.92360320002334
2006	4.08393306953665	3.97514484496084	4.08373368637972	4.19383867395972	16	0.0557332861410149	3.9136609297656
2006	4.08020506351314	3.97444446903082	4.07994741885928	4.1873884304103	17	0.0542438209328536	3.93648617794751
2006	4.06041116329224	3.95394253439652	4.06012711095063	4.1684845822968	18	0.0546582993485968	3.91722656915824
2006	4.08180826646282	3.97742827559355	4.08146060973854	4.18814282349371	19	0.0536907584459364	3.93965674096734
2006	4.08691165238909	3.97990911108507	4.08655744585929	4.19591030157095	20	0.0550407236726668	3.91814151979367
2007	4.08186544593955	3.96109224875875	4.08262947423138	4.19830217385263	1	0.0603460429681269	3.93992047798462
2007	4.07079634954521	3.94375442669476	4.07151182955913	4.1938850557804	2	0.0637239910952211	3.92697831079924
2007	4.07449617161721	3.95483245289508	4.07508731720086	4.19081820475785	3	0.060050858248755	3.92659766115024
2007	4.06119051955883	3.93349205489249	4.06224668480046	4.18304575467856	4	0.063537098060087	3.92294389001142
2007	4.03927734863242	3.91341609883078	4.04031719408874	4.15935852453659	5	0.0626161248145178	3.92679947769072
2007	4.05368246857574	3.93523920967588	4.05424440687532	4.1688473869867	6	0.0594196985905961	3.93791814869224
2007	4.01645467194387	3.88507614211378	4.0176728145111	4.14112354189602	7	0.0652451981108759	3.9327015397752
2007	4.05596914179146	3.93999082566669	4.05655405204356	4.16851128340431	8	0.0581254309444787	3.94042202837035
2007	4.04255123159185	3.9227990566013	4.04298357710833	4.15981317912284	9	0.0603508071120741	3.90951090270143
2007	4.00528323754735	3.86887412909362	4.00673343378136	4.13387146715802	10	0.0676170186102223	3.92144041234137
2007	4.02616817814692	3.89069855674013	4.02751046219721	4.15429405187035	11	0.0671894671208533	3.91360985824369
2007	4.02041951418889	3.88407747376311	4.02131966512324	4.15171483131325	12	0.0682711644113883	3.91470881785104
2007	4.02697521966878	3.89883490445806	4.02814822567187	4.14848908152473	13	0.0635190130752544	3.92122002553312
2007	4.06526570535341	3.94065627899602	4.06633564388065	4.1838213960467	14	0.0618569518132427	3.93341256783332
2007	4.06504389955788	3.93999120736144	4.06598021552172	4.18474408815152	15	0.0622628585343445	3.92360320002334
2007	4.06485077954303	3.94336301382422	4.06539416016426	4.18320214260722	16	0.0610734756844609	3.9136609297656
2007	4.04386796122496	3.91901311332206	4.04517347106535	4.16130338182744	17	0.0616172309761527	3.93648617794751
2007	4.03520587299256	3.91286859899806	4.03614931264651	4.15217454859159	18	0.0608653969702955	3.91722656915824
2007	4.05347734698382	3.93499608006585	4.0542175912745	4.16776073212975	19	0.0592143035981739	3.93965674096734
2007	4.05742788408318	3.93587042044291	4.05809616713073	4.17518451156523	20	0.0609044554468944	3.91814151979367
2008	4.10158900147685	3.98593942707131	4.10195341799568	4.21512818068463	1	0.0583254461841692	3.93992047798462
2008	4.08773116461303	3.96598560127826	4.08814337272273	4.20719944907894	2	0.0614506165210008	3.92697831079924
2008	4.08555722402071	3.96998056549915	4.08582439874724	4.19961723084492	3	0.0584512875141317	3.92659766115024
2008	4.07178817623329	3.94826952424404	4.07256749173002	4.19093357656798	4	0.0617738816348952	3.92294389001142
2008	4.06004005401058	3.94027838204619	4.06065581949932	4.17630112012393	5	0.0600956872215408	3.92679947769072
2008	4.06825065468535	3.9537102574736	4.06848908017713	4.18137553650788	6	0.0579494493840327	3.93791814869224
2008	4.04147384263448	3.91660169775572	4.04230690950137	4.16174805686502	7	0.0624503905138545	3.9327015397752
2008	4.0649669380165	3.95268320864126	4.06524756541286	4.17554664453948	8	0.0567110114743664	3.94042202837035
2008	4.0581834575641	3.94248972398493	4.0583667117265	4.17278461251914	9	0.0586599847304633	3.90951090270143
2008	4.02464989698511	3.89632715072106	4.02566442622827	4.14742241894666	10	0.0639964142498917	3.92144041234137
2008	4.04290407304984	3.91377781727392	4.04386421757409	4.16667879613211	11	0.0644234424360857	3.91360985824369
2008	4.03951609100134	3.90946196299562	4.04021539875322	4.16566255591437	12	0.0653129742904228	3.91470881785104
2008	4.04533586296049	3.92305679407182	4.04608841442565	4.16333455447444	13	0.061142194762771	3.92122002553312
2008	4.07903068686175	3.95990891026684	4.07970623912687	4.19429931956091	14	0.0596403775099167	3.93341256783332
2008	4.08332607122324	3.96377385694997	4.0838487963107	4.19985357057037	15	0.0600815932148351	3.92360320002334
2008	4.08925856698984	3.97169588315797	4.08954714544179	4.20518768216934	16	0.0594679601305057	3.9136609297656
2008	4.0617830532115	3.94389464093328	4.06250696511502	4.17555218909001	17	0.0589221788269684	3.93648617794751
2008	4.05765541915607	3.94100081862003	4.05814771579149	4.17143256988259	18	0.0586389942615556	3.91722656915824
2008	4.07090850909878	3.95697586460629	4.07127958854298	4.18269971497737	19	0.0574394146592188	3.93965674096734
2008	4.07346889577302	3.95618356299262	4.07383183655918	4.18867232854516	20	0.0591794599689025	3.91814151979367
2009	4.15133612295543	4.04814171427563	4.15074424907116	4.2579061441052	1	0.0534893382809661	3.93992047798462
2009	4.1458738023477	4.04042693721331	4.14545396902548	4.25368876862801	2	0.0543782935148415	3.92697831079924
2009	4.1250279498954	4.02058637683677	4.12439233584255	4.23306973039104	3	0.0541810427702769	3.92659766115024
2009	4.13269401980347	4.02813448382858	4.13217682010767	4.24019745186041	4	0.0540529799796331	3.92294389001142
2009	4.11946351355322	4.0159036925146	4.11890104608563	4.22623429167119	5	0.0536247138010192	3.92679947769072
2009	4.10749340811838	4.00320317100054	4.10692474712778	4.21502439935884	6	0.0540016808977402	3.93791814869224
2009	4.12206968272255	4.01699034432463	4.12163368936028	4.22959886453833	7	0.0542094704758247	3.9327015397752
2009	4.10391653267784	4.00194663436266	4.10328175940163	4.20945133604668	8	0.0529180512462701	3.94042202837035
2009	4.10503596588008	4.00091559617366	4.10460969063169	4.21154803215189	9	0.0537048396421585	3.90951090270143
2009	4.10210721707734	3.99690243474235	4.10155216720501	4.21047786695959	10	0.0544470569763979	3.92144041234137
2009	4.12073047552416	4.01492926252645	4.12024659577636	4.22928264817469	11	0.0546355870693631	3.91360985824369
2009	4.1290640816883	4.02270739005431	4.12861066767474	4.23799004153124	12	0.0548792241720865	3.91470881785104
2009	4.108829391634	4.00417261128808	4.10827504162122	4.21664844108237	13	0.0541666807512962	3.92122002553312
2009	4.13415111031085	4.03130243119736	4.13358942279896	4.24020622673499	14	0.0532619271164767	3.93341256783332
2009	4.13691813014607	4.03224831387651	4.13631706364068	4.2450035671266	15	0.0542503373164269	3.92360320002334
2009	4.14695653382367	4.04167519488005	4.1465214035969	4.25469228774965	16	0.0543091132077668	3.9136609297656
2009	4.11608305353261	4.01344120875136	4.11545973023157	4.22223620199574	17	0.0532436712967434	3.93648617794751
2009	4.11331920937779	4.01006431461636	4.11271878644213	4.21998058354902	18	0.05352484392276	3.91722656915824
2009	4.11983134115982	4.01775558944591	4.11925567636102	4.22519553909479	19	0.0528982970448568	3.93965674096734
2009	4.12312404744671	4.0189444435646	4.12256705897035	4.23048640987464	20	0.0539313731491808	3.91814151979367
2010	4.14243021787216	4.03944120888348	4.14168482241031	4.24967543010948	1	0.0536230745740716	3.93992047798462
2010	4.13769787041943	4.03381022916711	4.13715112941409	4.24468767459817	2	0.053777022110714	3.92697831079924
2010	4.11236291398554	4.0084243256828	4.11161399734141	4.22052501724253	3	0.0541125803932657	3.92659766115024
2010	4.13051524731464	4.02596876190429	4.12977077300648	4.23929051677824	4	0.0544003722350987	3.92294389001142
2010	4.11638424583504	4.01285012090807	4.11566643070626	4.22397973410478	5	0.0538556253793029	3.92679947769072
2010	4.09860827824171	3.99533909706598	4.09785170474956	4.20614893365892	6	0.053743677389728	3.93791814869224
2010	4.1320450870338	4.02611531599947	4.1314347667949	4.24142417628814	7	0.0549154849207862	3.9327015397752
2010	4.09247847209759	3.99077587295323	4.0917015515738	4.19857743197522	8	0.0530027652563703	3.94042202837035
2010	4.09567046973797	3.99307298155647	4.09513419849869	4.20132963087277	9	0.0530988715438631	3.90951090270143
2010	4.10602400409383	3.99930310000583	4.10528824471614	4.21691598540666	10	0.0555368774444379	3.92144041234137
2010	4.1267074405083	4.02051644216671	4.12596855448576	4.237086131806	11	0.0552306280555994	3.91360985824369
2010	4.13579643437516	4.02907958910416	4.13519154467373	4.24594005269567	12	0.0553068774786067	3.91470881785104
2010	4.111719679929	4.00659458082407	4.11091894212321	4.22138235555862	13	0.0547744081123576	3.92122002553312
2010	4.12767131010984	4.02449164197412	4.12689583339981	4.23525854919721	14	0.0537507162092599	3.93341256783332
2010	4.12776957085648	4.02342990373066	4.12697836052556	4.23659598621014	15	0.0543615460246428	3.92360320002334
2010	4.1444973074911	4.04016325846165	4.14391525204872	4.25215260890849	16	0.0540550674399254	3.9136609297656
2010	4.11434819505555	4.0107838781117	4.11350616758816	4.22263847231841	17	0.0540421851409134	3.93648617794751
2010	4.11279049386729	4.00923065785479	4.11196204409053	4.22099178275319	18	0.0540060767442545	3.91722656915824
2010	4.11293212854749	4.01107315805385	4.11221110908698	4.2189132103131	19	0.0530088804652848	3.93965674096734
2010	4.11508720474791	4.01142937668568	4.11436301504147	4.2228432769617	20	0.0539087660208183	3.91814151979367
2011	4.08093303765957	3.97938445340127	4.08028896988668	4.18614622200255	1	0.0526935974163795	3.93992047798462
2011	4.0676165537692	3.96400234117871	4.06712366129756	4.17402391851657	2	0.0535378037541056	3.92697831079924
2011	4.05038082420249	3.94813741662613	4.04975579660435	4.15617988513414	3	0.0530272701564753	3.92659766115024
2011	4.06805293204518	3.96397461769555	4.06740365847342	4.17582270142976	4	0.0539941399770477	3.92294389001142
2011	4.05595976202193	3.95372142372377	4.0553156659661	4.16185188325469	5	0.0530495945405661	3.92679947769072
2011	4.04771540778397	3.94545021031383	4.04716337291495	4.15313345171042	6	0.0529353502298524	3.93791814869224
2011	4.07300729394335	3.9677722950329	4.07240011082306	4.18170675676476	7	0.0545504264281386	3.9327015397752
2011	4.03567946053755	3.9356127317278	4.0350577386852	4.13929913334811	8	0.0519023994387652	3.94042202837035
2011	4.03457990264408	3.931905448747	4.0341229762917	4.13985050836327	9	0.053002879109221	3.90951090270143
2011	4.04257654120839	3.93716214180356	4.04185150621703	4.1520772266266	10	0.0547864303084199	3.92144041234137
2011	4.06460453001482	3.95858185523978	4.06390116981924	4.17461032613017	11	0.0550644172580363	3.91360985824369
2011	4.06718932505546	3.96056912300905	4.06657822134235	4.17727975083321	12	0.0552609255361232	3.91470881785104
2011	4.05408941368644	3.95012347464031	4.05336461454732	4.1621613825792	13	0.0540395832420277	3.92122002553312
2011	4.06280835994334	3.96069599854019	4.06214176090835	4.1687112447231	14	0.0530091099002612	3.93341256783332
2011	4.06156679620614	3.95892161981647	4.06088764119232	4.16807054851816	15	0.0532986739700639	3.92360320002334
2011	4.08668138133032	3.98268950993069	4.08616256947868	4.1936269691373	16	0.0537647828482837	3.9136609297656
2011	4.06019832446332	3.95854743592189	4.05944262104489	4.16610843724186	17	0.0528997976449411	3.93648617794751
2011	4.06140104035453	3.95886139935476	4.06068795572725	4.1679700287289	18	0.053290258409282	3.91722656915824
2011	4.05457233643785	3.95414395156192	4.05396784389368	4.15845763284686	19	0.0520702944859544	3.93965674096734
2011	4.0528760817661	3.95004968611854	4.05226809359323	4.15916698688072	20	0.0533034298577354	3.91814151979367
2012	3.98862268410543	3.88183643831352	3.98857729209163	4.09568873655471	1	0.0545050128509942	3.93992047798462
2012	3.96074959077627	3.85195803600918	3.96063489942325	4.07020449814295	2	0.0556255238151429	3.92697831079924
2012	3.96127782430938	3.85248729044139	3.96128690439724	4.07002618040221	3	0.055459323999657	3.92659766115024
2012	3.96870781083566	3.85809814725045	3.96868103899443	4.07949913762379	4	0.0564314995106905	3.92294389001142
2012	3.96176519478065	3.85373262508362	3.96174749209272	4.06992698126327	5	0.0551056618215093	3.92679947769072
2012	3.97374218161242	3.86548805747968	3.97374643259488	4.08198891421397	6	0.0552022807312504	3.93791814869224
2012	3.97281476931281	3.86351383844772	3.97270075908072	4.08277186677357	7	0.05587582766052	3.9327015397752
2012	3.95261420881787	3.84510572207075	3.9526708898949	4.0598491075313	8	0.0547548115912287	3.94042202837035
2012	3.94444379052946	3.83651917770903	3.94433159446123	4.05301358455574	9	0.0551785778920942	3.90951090270143
2012	3.93917417089731	3.82858396586017	3.93912141142535	4.05009066249818	10	0.0564484618379061	3.92144041234137
2012	3.95694527497206	3.84648035726875	3.95679292885178	4.06827726247927	11	0.0565286257423712	3.91360985824369
2012	3.9487868112534	3.83770382273284	3.94861996831696	4.06082552707806	12	0.0568728541119911	3.91470881785104
2012	3.95589327903038	3.8466882952414	3.95582730831514	4.0654946633493	13	0.0557620383553503	3.92122002553312
2012	3.96361889166247	3.85517032216809	3.96360611477016	4.07216695601606	14	0.0553164513993335	3.93341256783332
2012	3.96169419756333	3.85390473776145	3.96164689845721	4.0697757566625	15	0.0550189168521121	3.92360320002334
2012	3.99546330539291	3.88712576543681	3.99532801755628	4.10457613562104	16	0.0554210095481159	3.9136609297656
2012	3.97445650532242	3.86776080206441	3.97444000683663	4.08128111541853	17	0.0544219520954181	3.93648617794751
2012	3.97768445907897	3.87052427318846	3.97759694959872	4.08535464905482	18	0.0547459740471536	3.91722656915824
2012	3.96833644676247	3.86174244820772	3.96832743317335	4.07499349844993	19	0.0543688786700949	3.93965674096734
2012	3.95912902079473	3.85061378466413	3.95907043285211	4.0679947370964	20	0.0554025881870148	3.91814151979367
2013	3.93519368629987	3.82098412910913	3.93513705789966	4.04971714508155	1	0.0583474985376022	3.93992047798462
2013	3.89967475200157	3.78552216476781	3.89964453430366	4.01400150928472	2	0.0582629473681616	3.92697831079924
2013	3.91083359063785	3.7928904368228	3.91077708152685	4.02914451638337	3	0.0603035116680965	3.92659766115024
2013	3.91759449486975	3.80032182534442	3.91760504972437	4.03483224438751	4	0.0598122217094355	3.92294389001142
2013	3.91242543052998	3.79789886778476	3.91239691109651	4.0271224449614	5	0.0584709938759295	3.92679947769072
2013	3.93431764633971	3.8168653169668	3.93451171154628	4.05073220827522	6	0.0596648545229056	3.93791814869224
2013	3.91432726770364	3.8001102196143	3.91427787279347	4.0288246935463	7	0.0583270681421596	3.9327015397752
2013	3.90976550758989	3.79245800689662	3.90956681868332	4.02808309361549	8	0.0601530041322686	3.94042202837035
2013	3.89610745880647	3.7827967810954	3.89610082233747	4.00947332822326	9	0.0578027967838669	3.90951090270143
2013	3.88310113909414	3.76567426615224	3.88303642893208	4.00090603417003	10	0.0600090687369978	3.92144041234137
2013	3.89230370411507	3.77580038911275	3.89226941950931	4.00900695980071	11	0.0594691063039354	3.91360985824369
2013	3.87900342356364	3.76377922727658	3.87888079775943	3.99493601720851	12	0.0589509667023324	3.91470881785104
2013	3.89839658629517	3.78074560892759	3.89842482550625	4.01590196504287	13	0.0599827618941868	3.92122002553312
2013	3.90666124127323	3.78943496917911	3.90666340433832	4.02385416165501	14	0.0598055056981192	3.93341256783332
2013	3.90288767164315	3.78710284546202	3.90289215005488	4.01864921989535	15	0.0590610520663385	3.92360320002334
2013	3.93998050525142	3.82615967321824	3.93994962959681	4.05398385986831	16	0.0580911870097507	3.9136609297656
2013	3.92376989773907	3.8080364758526	3.92372093328322	4.03972319563392	17	0.0591234075001012	3.93648617794751
2013	3.9258249197442	3.81054319016523	3.92588322176068	4.04082195745746	18	0.0587398405109017	3.91722656915824
2013	3.9199483083486	3.80481707691044	3.91981967746591	4.03574264657864	19	0.0589174625072474	3.93965674096734
2013	3.90603762808178	3.79055423663882	3.90603789449721	4.02154500168053	20	0.0589133544921278	3.91814151979367
2014	3.92944547669029	3.80595591363171	3.9292079748415	4.05412302720378	1	0.0633856021865087	3.93992047798462
2014	3.89676371023521	3.77666095176647	3.89677195889324	4.01688399808191	2	0.0612799550825235	3.92697831079924
2014	3.91035257139346	3.78361763472577	3.90999757854841	4.03891998632749	3	0.0653113168101023	3.92659766115024
2014	3.92505451400325	3.80204881821676	3.92496976547538	4.04852737014039	4	0.062902380696717	3.92294389001142
2014	3.91530642798461	3.79448825992556	3.915079272615	4.03738116277124	5	0.0620243643545362	3.92679947769072
2014	3.94218330326826	3.81545268450753	3.94258263668626	4.06687710672736	6	0.0642248268899952	3.93791814869224
2014	3.9027950828791	3.7803561137013	3.90268197627417	4.02587653243911	7	0.0626548294081567	3.9327015397752
2014	3.91971546105094	3.79397810842586	3.91908695189039	4.04857589943626	8	0.0650678390550365	3.94042202837035
2014	3.9007867107285	3.78168094708438	3.90085678627878	4.01953863896997	9	0.06068721625189	3.90951090270143
2014	3.88512639991831	3.7600994790389	3.88480340277888	4.01188939707056	10	0.0642921786631177	3.92144041234137
2014	3.88430133861207	3.76046648100927	3.88421725901006	4.00862604190874	11	0.0633221969709931	3.91360985824369
2014	3.86610808400617	3.74504865981377	3.86585775504892	3.98851557555512	12	0.0621169535165344	3.91470881785104
2014	3.89735546605448	3.77141569135235	3.89727395914798	4.02365163529825	13	0.0643989381554419	3.92122002553312
2014	3.90749628105793	3.78269077310011	3.90732910703673	4.03309369273358	14	0.0639311364067643	3.93341256783332
2014	3.89770412759424	3.77308867062934	3.89759825808361	4.02280958266256	15	0.0637591989338527	3.92360320002334
2014	3.93164829771409	3.81023576240948	3.93169016908336	4.05285390147071	16	0.06189191926706	3.9136609297656
2014	3.92166001242432	3.7964070380158	3.92126699635522	4.0488938972036	17	0.0645251275542255	3.93648617794751
2014	3.91816555643894	3.79302418873772	3.91821726595157	4.04305869074893	18	0.0638639747485877	3.91722656915824
2014	3.92326898485182	3.80040569283022	3.92280885807345	4.04844695948358	19	0.0633457819632076	3.93965674096734
2014	3.90381136408777	3.78087463259984	3.90375867025854	4.0270394762764	20	0.0628472303479677	3.91814151979367
2015	4.00882847022577	3.88673025452803	4.00866141027739	4.13176455071099	1	0.062592425015225	3.93992047798462
2015	3.98665935243005	3.86859612970699	3.9866199553827	4.1049922710246	2	0.0603065780572983	3.92697831079924
2015	3.99085678305895	3.86638774186167	3.99061664035165	4.11657263142818	3	0.0639850649864788	3.92659766115024
2015	4.02182862981417	3.90279410490261	4.02171918410643	4.14151583168965	4	0.0609179456229277	3.92294389001142
2015	3.99970818091877	3.88090552709903	3.99953161909189	4.11950790370938	5	0.0609205156447183	3.92679947769072
2015	4.02348954415642	3.89849408096191	4.02389901310426	4.14638394494484	6	0.063304065147355	3.93791814869224
2015	3.98849342414108	3.86835003050708	3.98834856588343	4.10949620598305	7	0.0615465589073683	3.9327015397752
2015	4.00980497269794	3.88728255062226	4.00942083886765	4.13424327495966	8	0.0631167023426284	3.94042202837035
2015	3.99217755293382	3.87515112113097	3.99219170255561	4.10915329010401	9	0.0596876789819612	3.90951090270143
2015	3.98561661849562	3.86458697246463	3.98534435818697	4.10811788340939	10	0.062168700670939	3.92144041234137
2015	3.97588621689645	3.85478059090881	3.97575285226436	4.09778654605273	11	0.0620180271648724	3.91360985824369
2015	3.96004567371018	3.84224783979573	3.95974506171595	4.07951835591034	12	0.0605171101218515	3.91470881785104
2015	3.98675953048144	3.86405316842668	3.98667626518377	4.10992210388685	13	0.0627616458399772	3.92122002553312
2015	3.99786000345574	3.87749562261829	3.99771075828586	4.11904470921643	14	0.0616604766556407	3.93341256783332
2015	3.98374266576966	3.86215715351157	3.98365314962182	4.10579327602567	15	0.0622014461639838	3.92360320002334
2015	4.01307668107926	3.8934114483099	4.01306880675761	4.13280797359957	16	0.0610588341346432	3.9136609297656
2015	3.99973142707302	3.87604513097088	3.99945023339156	4.12483162166995	17	0.0635879274864079	3.93648617794751
2015	3.98760719783353	3.86232138164552	3.98771690058619	4.11234647108835	18	0.0638709940646924	3.91722656915824
2015	4.0060449292493	3.88521062645073	4.00571772396595	4.12854468820028	19	0.0621479069623662	3.93965674096734
2015	3.98556845805462	3.86472405522003	3.98553353212944	4.10664872348845	20	0.0617522738365663	3.91814151979367
2016	4.14677010855863	4.02426337783513	4.1471369502858	4.26720359658618	1	0.0619859197158009	3.93992047798462
2016	4.13505204763717	4.01492947747479	4.13527502695443	4.25395201639124	2	0.0609467827240577	3.92697831079924
2016	4.12757993024048	4.0041644209583	4.12790070704138	4.24926903362295	3	0.0625735154982995	3.92659766115024
2016	4.16543770221292	4.04327145906345	4.16575451355209	4.28589043232681	4	0.0618595977937341	3.92294389001142
2016	4.13629976630135	4.01530682486513	4.13661096855238	4.25560928497647	5	0.0613061292312324	3.92679947769072
2016	4.15843906187317	4.03542673282987	4.15900314715571	4.27842497009674	6	0.0619584611579048	3.93791814869224
2016	4.12854681826005	4.00521206438211	4.12883478566329	4.25032759564273	7	0.062517356261833	3.9327015397752
2016	4.15487015942174	4.0346483031151	4.15517639972813	4.27337969719591	8	0.0609351884270747	3.94042202837035
2016	4.13817644866716	4.02013973327191	4.1383407824425	4.25528828549504	9	0.0599452050722072	3.90951090270143
2016	4.13789029123472	4.01375989952908	4.13819064280611	4.26039568496454	10	0.0629254172792614	3.92144041234137
2016	4.12528912691628	4.0010192575861	4.12559080839931	4.24793716603553	11	0.062966007152178	3.91360985824369
2016	4.10546026626007	3.98188650634788	4.10560358030094	4.22817452936697	12	0.0628155784711633	3.91470881785104
2016	4.13174581219515	4.00800106331709	4.132125542481	4.25336868683327	13	0.0625641259844964	3.92122002553312
2016	4.13966512648519	4.01831255563866	4.14000883585661	4.25910350492021	14	0.0614014582659593	3.93341256783332
2016	4.12580590695641	4.00322146341788	4.12620499530528	4.24612631881824	15	0.0619487401712877	3.92360320002334
2016	4.14914993458452	4.02758423431931	4.14941969277075	4.26923689471638	16	0.0616032593465451	3.9136609297656
2016	4.13342299096219	4.00950516020011	4.13386196453771	4.25489025297792	17	0.0626197425331722	3.93648617794751
2016	4.11466804539427	3.98868085966743	4.11523412100325	4.23760503943305	18	0.0634991507148586	3.91722656915824
2016	4.14447049175545	4.02409325658426	4.14474042593699	4.26331781119276	19	0.0610332413070682	3.93965674096734
2016	4.12144931862212	3.99959779516833	4.12177437752739	4.24157036726879	20	0.0617091631261847	3.91814151979367
2017	4.38263101677154	4.26865634308004	4.38210776386322	4.49959067672574	1	0.058864802779333	3.93992047798462
2017	4.38831059556355	4.27375647694791	4.38782097023134	4.50563428708589	2	0.0591146758940371	3.92697831079924
2017	4.35773215453076	4.24256214093226	4.35718475362359	4.47603501100762	3	0.0595125669731625	3.92659766115024
2017	4.40391093670504	4.28789243292491	4.40338519729219	4.52292432675403	4	0.0599099330546519	3.92294389001142
2017	4.37206044684894	4.2582498654682	4.37155348042251	4.48875505436493	5	0.0587565839201366	3.92679947769072
2017	4.37792524349849	4.26188245504811	4.37737793992935	4.4971004339316	6	0.059962470659933	3.93791814869224
2017	4.3729464886705	4.25720425292756	4.37249143030958	4.49125693446951	7	0.0596773134139947	3.9327015397752
2017	4.38705466520852	4.27417512482746	4.38650104954751	4.50311095440823	8	0.0583612271335462	3.94042202837035
2017	4.37658496009193	4.26119359692425	4.37606918394583	4.49491210795035	9	0.0595813486651065	3.90951090270143
2017	4.39623356763693	4.28061880401561	4.395712380337	4.51481539149223	10	0.0596967397346186	3.92144041234137
2017	4.38434573006902	4.26764023373244	4.38382276889044	4.50402880757198	11	0.0602566368839106	3.91360985824369
2017	4.37293920610532	4.2567989229471	4.37246102634266	4.4917858238111	12	0.0599062412305469	3.91470881785104
2017	4.37498985799728	4.25886374477675	4.37444750193099	4.49421656424389	13	0.0599918266860862	3.92122002553312
2017	4.37555702102894	4.26120255586218	4.37503546559823	4.49288471951912	14	0.0590556621362195	3.93341256783332
2017	4.36867456140845	4.25396863793724	4.36814396094417	4.48641079246197	15	0.059249854195822	3.92360320002334
2017	4.38015621025989	4.26393859916853	4.37968040963584	4.4990551647449	16	0.0599444053065494	3.9136609297656
2017	4.36270528776411	4.24899863706269	4.36218892781494	4.47935287486346	17	0.058715973058849	3.93648617794751
2017	4.33709009773905	4.22089217930592	4.33657593571985	4.45621215624045	18	0.0599818702356546	3.91722656915824
2017	4.37487897486673	4.26196775803061	4.37436122747943	4.49074295883555	19	0.0583146768865109	3.93965674096734
2017	4.35190943776997	4.2359907349542	4.35137039936741	4.47090881740305	20	0.0598811151661147	3.91814151979367
2018	4.65886541169366	4.4971478383129	4.65793601457665	4.82596707962063	1	0.0838771581150823	3.93992047798462
2018	4.68350284476335	4.52677577646527	4.68250368196096	4.84588456025187	2	0.0813860363934966	3.92697831079924
2018	4.62909971826688	4.46367342300477	4.62825178172439	4.79947317756153	3	0.0857189586578264	3.92659766115024
2018	4.68490339711404	4.5239922049688	4.68388147252196	4.85170939919737	4	0.0835821211006659	3.92294389001142
2018	4.65205697694518	4.49093519545602	4.65117835420842	4.81825771931153	5	0.0835073900082123	3.92679947769072
2018	4.63419611472295	4.47204779030629	4.63285707437894	4.80385597085361	6	0.0846741192741339	3.93791814869224
2018	4.66609553224365	4.50723170055953	4.66517445048765	4.8301727423944	7	0.0823664957910042	3.9327015397752
2018	4.65473606495901	4.4902228426514	4.65404254126524	4.82339879115966	8	0.0850118746549785	3.94042202837035
2018	4.65687442390633	4.50012018915491	4.65577547712051	4.81994460323343	9	0.0815705156855647	3.90951090270143
2018	4.6978061721414	4.53394643328852	4.69697036772398	4.86648423463717	10	0.0848186654789428	3.92144041234137
2018	4.68877858180983	4.52631372942422	4.68772312953361	4.85734032322878	11	0.0844268745261721	3.91360985824369
2018	4.69270660141165	4.53251977627946	4.69184054599594	4.85781106837782	12	0.082934594838689	3.91470881785104
2018	4.65920547406628	4.49573877829827	4.65814287487142	4.82878392735565	13	0.0849307160574322	3.92122002553312
2018	4.65414907485944	4.49297139696786	4.65319036519334	4.82088955732049	14	0.0836360573921065	3.93341256783332
2018	4.65406319934964	4.49124097579815	4.65302393094619	4.82286800356335	15	0.0845760483938274	3.92360320002334
2018	4.65731962029334	4.5001725114589	4.65628247998286	4.82040605989991	16	0.0816623594238905	3.9136609297656
2018	4.63460117080011	4.47012742425111	4.63378256724092	4.80386466352147	17	0.085155282285847	3.93648617794751
2018	4.60582867444935	4.44300222351967	4.60466333700729	4.77528402035744	18	0.084769127677704	3.91722656915824
2018	4.6456292625725	4.4846050800994	4.64486261025916	4.81115935055281	19	0.083293765414537	3.93965674096734
2018	4.6251542676459	4.46343049022204	4.62407383870841	4.79306653856931	20	0.0840731687064665	3.91814151979367
