jaar	mean	p02.5	p50	p97.5	simulatienr
1985	24.0220312799829	18.8627322919898	23.9580535511639	31.0688359380779	1
1985	24.2116804014032	18.9499209230922	24.1457781617943	31.4266422229379	2
1985	19.5586694838686	15.3538830612455	19.5080066947341	25.2927153729642	3
1985	23.033871192083	18.0387990573034	22.9716008944108	29.8769702091202	4
1985	24.8152151038234	19.6024278411268	24.7520671243621	31.8818563143873	5
1985	25.2789809329039	19.8223730435124	25.2114491077552	32.7412488762617	6
1985	24.3304654722771	19.0501460137902	24.264528280474	31.5666761632267	7
1985	25.8117487205873	20.1951968619056	25.7409309957395	33.5192882852629	8
1985	23.1607099781596	18.2941058186995	23.1021916344114	29.7554234026883	9
1985	21.3228978923921	16.7475688349442	21.2668260660426	27.5657332881605	10
1985	23.7151756122434	18.5255024150475	23.6495618934894	30.8495332096015	11
1985	25.2406283281117	19.8085112776688	25.1737537728559	32.6607363022458	12
1985	24.3093094271963	18.8644744722611	24.2383834063088	31.8593854698187	13
1985	22.1238232520711	17.4346388845516	22.0677459537922	28.4907346530166	14
1985	24.0922892792739	19.1083352780275	24.0338805944443	30.8074222196149	15
1985	21.5142373857779	16.8357686014545	21.4570591337201	27.9202962922693	16
1985	23.6620447302373	18.4363494603712	23.5949511437791	30.8719616197987	17
1985	27.4565416895455	21.4306963694424	27.3787377420661	35.7588100754308	18
1985	25.5665171625372	20.0208493894272	25.4965548340136	33.1703838591017	19
1985	23.8000252595597	18.514947718767	23.731497451987	31.108157684297	20
1986	7.5107883817685	5.67859687596772	7.48858950004506	10.1061941351567	1
1986	8.58566359792241	6.56003931399016	8.56185251241786	11.4195311593146	2
1986	9.48538868272733	7.27428791638966	9.45947991390453	12.5667491072866	3
1986	8.82719538868353	6.76307738332296	8.80329714412078	11.7043379348614	4
1986	8.05121377105044	6.12643027308433	8.02884203531895	10.7532360082205	5
1986	8.02658762121889	6.12441815128102	8.00514624317423	10.6846415378016	6
1986	7.7767613922326	5.94424721555747	7.75570613746106	10.3359151097648	7
1986	9.05240527534552	6.86042273765744	9.02549725480051	12.1527361927005	8
1986	6.20651732907958	4.6768808282541	6.18819584047444	8.3789796351644	9
1986	7.92477206864186	6.12098008311282	7.90499338679514	10.4106688763559	10
1986	9.16061634296966	7.01464660999167	9.13576389627712	12.1535684958732	11
1986	6.4496318635039	4.7917817572458	6.4277562542523	8.85311723644033	12
1986	8.49517808364581	6.45207827630999	8.47011340287873	11.3785228941623	13
1986	8.24076690517037	6.33261508694996	8.21947235351154	10.8867096283579	14
1986	6.38676461686147	4.87472921127844	6.37044939423683	8.49358121856682	15
1986	6.97030166103494	5.30787862888225	6.95162536806244	9.29750193802026	16
1986	8.46191861297559	6.40017608628064	8.43610124678121	11.3876093289327	17
1986	8.9329335083296	6.91241983320583	8.91029710811747	11.7158754319779	18
1986	7.04087730906333	5.38543553562756	7.02254818272298	9.34605920989231	19
1986	7.80070893777515	5.86158726022578	7.77580140723473	10.5752238675548	20
1987	7.81495449360293	5.74903681355669	7.78492315918595	10.8612284182238	1
1987	7.13739798224732	5.23091419583873	7.10848752401215	9.96831697208169	2
1987	4.4921673599434	3.32340133492086	4.47734130172097	6.18928086857368	3
1987	5.92586066009857	4.39387655185462	5.90518061880268	8.15490447204911	4
1987	8.59675358772007	6.10496358741043	8.55324258431413	12.4613270555427	5
1987	6.10139622918376	4.53662624977844	6.08104235261584	8.36597816270041	6
1987	3.61848793347137	2.61435841456239	3.60361035725336	5.1283809649834	7
1987	4.18157109540231	3.01207284091085	4.16309105604756	5.95445995930433	8
1987	6.04578813640784	4.52201972393848	6.02601206744767	8.23761988620278	9
1987	5.47180577250664	3.92663644506075	5.4442325943277	7.84788900051512	10
1987	6.31972669761356	4.5532180423971	6.2910816150475	9.00272040125753	11
1987	6.66456653721812	5.03546986907375	6.64483471626501	8.97374852539603	12
1987	6.87773981780077	5.15122415809011	6.85500156342215	9.36035502513533	13
1987	5.11429650780932	3.78897486794175	5.09698284726279	7.03982903706909	14
1987	7.32625445531038	5.46533907528756	7.30160637185041	10.0138922436202	15
1987	5.9679696951871	4.39231819262704	5.94514463892165	8.28963357986064	16
1987	7.59865670074252	5.58480691756307	7.56818237007619	10.5800274862038	17
1987	3.54280301519959	2.53924962424272	3.52675829372093	5.07332524881117	18
1987	4.59023090401375	3.35424526545856	4.5722244103463	6.42532306523122	19
1987	3.85606387284371	2.79408355379482	3.84086477914387	5.44411944259874	20
1988	4.74599971148075	3.41377145493117	4.72514279687204	6.76686212115763	1
1988	6.98486262057719	5.09135622242416	6.95629369925083	9.81069814287316	2
1988	5.41822917390012	3.86462146555775	5.3913175357432	7.81536630277512	3
1988	5.20099136081865	3.70007666490161	5.17489914763685	7.52357446767533	4
1988	5.81369100609959	4.22645235519816	5.79027034293708	8.1846572149656	5
1988	5.43256194693285	3.90343514075206	5.40863435732503	7.75441556141511	6
1988	4.95060218874372	3.60099568826367	4.93069918221831	6.96545603879587	7
1988	6.23266123642151	4.56819995069481	6.20898033910348	8.69198259719202	8
1988	5.53937010059165	3.98487977471492	5.51378669393312	7.90684423579107	9
1988	5.53473538316629	4.03311509611109	5.51214227152331	7.77594443227855	10
1988	6.87939266264617	4.9512467697156	6.84932926504232	9.80142457816427	11
1988	6.58720548522012	4.91396070331214	6.56595834768847	8.99683217649977	12
1988	4.42120264629259	3.1501393366508	4.39913719069958	6.38496587473382	13
1988	9.37592097776079	6.77006990419614	9.33582807382836	13.3079790095246	14
1988	4.76491130519673	3.45964763332521	4.74570692007226	6.71673666953538	15
1988	3.73003697295802	2.66449645121061	3.71320679417475	5.35886555981808	16
1988	6.38071334002137	4.57777648070755	6.34988892358899	9.14306094155363	17
1988	6.79058733988483	5.00233873448372	6.76502875045455	9.420364731961	18
1988	6.72157369054553	4.88494245693955	6.69340230242644	9.47428242325716	19
1988	6.03371309166898	4.37489405819923	6.00811020098333	8.52697412855266	20
1989	47.6195051570045	38.0598743552679	47.5042906354018	60.4230837872198	1
1989	50.0726764446065	40.2319776329659	49.9564987996701	63.1662672848482	2
1989	47.6504187070695	38.166000084655	47.5373116643729	60.3177371924346	3
1989	43.2644820943675	34.7185005306764	43.1638478418167	54.6478393965049	4
1989	46.2361863644201	37.208251887697	46.1309369161849	58.2200224862952	5
1989	42.4779824423175	34.2497412287111	42.3842859662775	53.3636394637996	6
1989	45.7274009425327	36.6853811158735	45.620854073083	57.7751056815151	7
1989	45.8773889255614	36.8963809137061	45.7727964689928	57.8056284448561	8
1989	45.3517391062321	36.2055017660177	45.2416504614961	57.6148992830081	9
1989	46.7708171926121	37.4782932669736	46.6599710234934	59.1763825117113	10
1989	45.0120230191602	35.9011014251815	44.9016761467698	57.244047188046	11
1989	52.6348227625641	42.5535632115579	52.5196894271771	65.9382674884237	12
1989	46.0255587410903	36.796478923807	45.9144141823398	58.3822929294408	13
1989	42.7917955883216	34.5063505310322	42.6972756958496	53.7532305373643	14
1989	48.9319414477395	39.5329612348261	48.8250555888796	61.3403239946848	15
1989	39.9917791577566	32.1596944039356	39.9016024869592	50.3878761288704	16
1989	45.9743480538007	36.8503129753989	45.8650620778599	58.1547852855882	17
1989	47.568793859982	38.0194105691495	47.4530388651311	60.363380230486	18
1989	44.2359421746749	35.6331641912306	44.1360564600682	55.6414782319296	19
1989	44.46983935444	35.5117310990996	44.3612345864068	56.4828331611995	20
1990	48.9149777618408	39.4929733815151	48.8061336607405	61.373915222051	1
1990	56.444994066381	45.6794058524874	56.3212021907399	70.6431679115155	2
1990	56.9414412251738	46.0977530146691	56.817582051033	71.2317392939371	3
1990	50.0041279639807	40.3299285511449	49.8922374600438	62.8109987226474	4
1990	53.5470732406304	43.3977826772882	53.4317262371752	66.9034036980819	5
1990	50.340579900226	40.8065345747927	50.2336980805686	62.874732931968	6
1990	50.8965733479383	41.1766118225674	50.785964889765	63.7116269317044	7
1990	55.8629009505469	45.1086670630478	55.738702207518	70.0813270459985	8
1990	55.1911247474809	44.4086049514313	55.0645172110239	69.5122665970353	9
1990	55.2413779758401	44.4218243437139	55.1133427419665	69.6274396439488	10
1990	52.8849627177424	42.5098798726487	52.7627418337931	66.6817868920911	11
1990	55.6843171639237	45.2384800380708	55.5674436815361	69.3850018671247	12
1990	60.9903324635316	49.1582541880731	60.8509839713622	76.6815689589432	13
1990	48.7883232787055	39.5014291878823	48.683479820464	61.0171683031823	14
1990	59.1203613834347	48.0258310590629	58.9961879150408	73.67337822199	15
1990	53.8368616717389	43.6942779174671	53.7231038623674	67.1549482985448	16
1990	51.8416761433936	41.770628278787	51.7230756691607	65.2019132003435	17
1990	54.7847799161931	44.1137565872797	54.6588353626748	68.9519733672205	18
1990	53.3671300280615	42.9967980212699	53.2459601223019	67.1187236103068	19
1990	62.0985430753932	49.9107096639715	61.9526718983326	78.3237535036301	20
1991	33.1013402679206	26.5659042201596	33.0258090919657	41.7956234001534	1
1991	32.8527266051511	26.4013645414161	32.7787429900272	41.4197023363822	2
1991	34.2615015402597	27.479417390133	34.1833751192993	43.2879088032356	3
1991	32.6866143756935	26.2331265007121	32.6124222584346	41.2691195158627	4
1991	31.2598007966472	25.0902834504299	31.189319201151	39.4607820862531	5
1991	33.6552933593814	27.1493398349354	33.582738714687	42.2475762895546	6
1991	35.3156288444336	28.3490757143517	35.235445941609	44.5791191870173	7
1991	33.2099347524544	26.6170617923907	33.1337869474518	41.9921966793517	8
1991	37.112120313929	29.7172513224011	37.0256758639979	46.9790494238479	9
1991	39.0663198486249	31.1622627989133	38.9714418122606	49.6708479449039	10
1991	33.8439888520145	27.0566526497398	33.7646343713378	42.915073275854	11
1991	36.549627123363	29.4506969650885	36.4693172842023	45.943685767523	12
1991	29.7505720448183	23.8123937591569	29.6816144509162	37.6739994070062	13
1991	32.4763085005873	26.1737590434566	32.4057910219111	40.8094038540299	14
1991	38.5086286204831	30.9155678411661	38.4211918486664	48.6043790534741	15
1991	37.5788387959646	30.2644447081302	37.4956315356616	47.2662148872932	16
1991	33.7880008493798	27.003774885857	33.7074457029044	42.8663632622604	17
1991	32.8892982012586	26.2523704214759	32.8105670347877	41.7812751091417	18
1991	37.2489688322199	29.8777112993455	37.16311643797	47.0653740954341	19
1991	36.1592505593631	28.7961599721799	36.0704943726814	46.0569008752616	20
1992	10.4847618306857	8.11876521108686	10.457901847589	13.7438769431515	1
1992	11.9451779580586	9.38268087896319	11.9171317253601	15.4172819083172	2
1992	17.8573358865046	13.9585644521852	17.8115048705742	23.1886439096011	3
1992	13.8788701051924	10.8592809297416	13.8445710930934	17.9953063256696	4
1992	16.912774399676	13.4201824101742	16.8741427937744	21.600069997522	5
1992	14.6871289941405	11.4961277629397	14.6514377090776	19.0315659514843	6
1992	12.4571641178364	9.69075170254887	12.425687229656	16.2507438676278	7
1992	14.6259246523273	11.4857931141595	14.5904443933972	18.889640915216	8
1992	12.7902166665233	9.94055071089791	12.757410216494	16.7043866986766	9
1992	12.9943827041972	10.2938132394334	12.9651192279415	16.620455697102	10
1992	14.214472186229	11.1144890135601	14.1790834266315	18.4445792589858	11
1992	15.6284848415116	12.3419445442244	15.5921990446388	20.059974665797	12
1992	13.0909635080944	10.1675558774095	13.0564899206017	17.1150484157758	13
1992	10.2792675720939	7.99129034748377	10.2543563522579	13.4106739841985	14
1992	11.5092236693794	9.03358070534386	11.4828616305483	14.8608466544361	15
1992	12.7357299094391	9.96947010911164	12.7051916832317	16.498698849856	16
1992	11.4029357123259	8.84624005196675	11.3733109880533	14.922508381772	17
1992	10.9304098886224	8.36807061278602	10.8992987430107	14.5153719113813	18
1992	14.3234786905589	11.2128303817879	14.2879977269995	18.5629515134156	19
1992	11.5308848205882	9.00312772877334	11.5024460685129	14.9821288752274	20
1993	19.1196709735477	15.0985463894007	19.0729029917387	24.5587625823058	1
1993	15.8477187151049	12.4281257635874	15.8080709719027	20.5046158827714	2
1993	20.6075108451274	16.2650532981396	20.5570824274145	26.4837568772546	3
1993	15.0253239702178	11.8598260406978	14.9899662528698	19.2986482745542	4
1993	17.8960188153935	14.2211993608183	17.8551075753076	22.8225393608416	5
1993	16.8460095398813	13.3815004172164	16.8081583827583	21.487342020916	6
1993	17.6155293853427	13.923142332242	17.5735910144407	22.5983306666684	7
1993	15.9940957860685	12.6885659118312	15.9576805712712	20.4302526648456	8
1993	20.3643161764099	16.1466770947509	20.3158654438129	26.0417969272824	9
1993	15.681518236698	12.3966538402404	15.6443927999807	20.112293524697	10
1993	17.9279755297298	14.1739819183482	17.8851168001057	22.9941014342967	11
1993	15.73500105508	12.5518454808565	15.7010529645932	19.9755238030682	12
1993	19.6420915095513	15.3905740749407	19.5908069901694	25.4512022499243	13
1993	17.0603845731075	13.5466140213976	17.0215819199267	21.7724456669195	14
1993	16.9687313080112	13.4138321641318	16.9291610261532	21.7595626230804	15
1993	15.1626403357608	12.0743325363171	15.1295658874938	19.2849441094696	16
1993	19.0279393020722	15.062054575671	18.9818240752754	24.3794049662306	17
1993	18.5191213819784	14.7780059936183	18.4772999365261	23.5147292034302	18
1993	17.8655558056122	14.1700061870601	17.8238122229718	22.8336128503503	19
1993	21.0362296989512	16.6011974278805	20.9833699632907	27.0482465668683	20
1994	11.1002968806411	8.27147165487365	11.0622999535829	15.1944612080652	1
1994	8.14035053351011	6.12682740979635	8.11508403770052	11.0120599929706	2
1994	12.4006560680153	9.14364811828521	12.3557364988884	17.1735367731041	3
1994	11.2269430363683	8.22572135568555	11.1842376660575	15.6631982497051	4
1994	10.0476652511974	7.40297515487305	10.0112022882082	13.926067054515	5
1994	10.582789372153	7.975837737232	10.5509559311648	14.2893285769405	6
1994	10.5558557255825	7.83715462573234	10.5193026067521	14.5052860197836	7
1994	12.3800804368855	9.33105112668685	12.3409879740988	16.7288183568027	8
1994	9.0482590905052	6.66857353161175	9.01489294478649	12.5412177511138	9
1994	10.1154193099088	7.46660285643864	10.0778818045007	14.0004857553349	10
1994	12.4517504160035	9.25260165701155	12.4087128315778	17.0954384797049	11
1994	6.63052332025166	4.92035552492622	6.60805152143558	9.11205869215503	12
1994	6.1892977106373	4.59170372314416	6.16814113678729	8.50938500206075	13
1994	11.2300217298764	8.44070994848226	11.1946896478931	15.216173937559	14
1994	10.3560120839035	7.79692536256682	10.3242142959489	14.0023553391891	15
1994	10.774310644245	8.03471171305682	10.7386174453589	14.7279416429913	16
1994	7.61785900638514	5.59634287005712	7.58861144689311	10.6015911974158	17
1994	10.0539578709461	7.34288837446393	10.013462715675	14.0888657047316	18
1994	11.848878233174	8.90344009803254	11.8106667150666	16.0660594229759	19
1994	10.570387263752	7.68367203198243	10.5273426865185	14.886573241947	20
1995	33.0760492012938	26.3255708433948	32.9956881796231	42.1482797882236	1
1995	33.6976358289656	27.0000924754419	33.6198347854547	42.6250619715048	2
1995	31.3961189170331	25.0317880351413	31.3217832460622	39.9245002906354	3
1995	34.1255285976552	27.2450119818685	34.0446371582025	43.3367409071098	4
1995	29.6323618264825	23.7031421590167	29.5641832866319	37.5440408547906	5
1995	36.6210007253684	29.2297912253194	36.5344266607289	46.5161885023954	6
1995	35.6537804359693	28.4036202154171	35.5675852583404	45.3876936746652	7
1995	32.3328547103779	25.8163838990098	32.2567625645443	41.0521407986478	8
1995	33.743347112026	26.7466990317187	33.6588645750471	43.193702521716	9
1995	34.3775631387606	27.3553586191552	34.293346631483	43.8215039335125	10
1995	34.2714689472454	27.3486304891804	34.1898436498587	43.5453847223938	11
1995	29.526335083291	23.6031653205078	29.4584358756191	37.4335545217973	12
1995	35.1116695691917	27.8424151542961	35.0227257662987	44.9346008472109	13
1995	32.8565090201519	26.2719371613892	32.7804596599721	41.648436684331	14
1995	31.4690395832245	25.2289121486569	31.3981584541541	39.7706804036849	15
1995	32.9553835426317	26.3181916368174	32.8781188114141	41.8329360222117	16
1995	33.002470389278	26.3332849591216	32.9230623050061	41.9429745564913	17
1995	33.8578716907211	26.9787610878347	33.7757810392619	43.0937809984615	18
1995	31.9125672104928	25.3780492764212	31.8349921283931	40.7005628007164	19
1995	35.8791183733734	28.3543564000457	35.785824987123	46.090845069021	20
1996	74.456319847092	60.2613799018048	74.2912045577013	93.1885087898929	1
1996	65.1392608331022	52.7691038355379	64.9968278764998	81.4382284777238	2
1996	66.0651733331517	53.4627965573697	65.9198175260412	82.6895078265924	3
1996	66.2369043751348	53.6147689747975	66.0910277282233	82.8852884496095	4
1996	64.1937980549584	52.1040241920251	64.0560181295938	80.0826145620001	5
1996	64.7675298489129	52.6624737882022	64.6320588550664	80.6311250165638	6
1996	69.503552584764	56.3397004126353	69.3527402080342	86.8322703971316	7
1996	61.8569326596411	50.0726937922355	61.7216168446014	77.3930248365697	8
1996	60.5903484540128	48.9687240276482	60.4560329328104	75.942768632238	9
1996	66.7335070167277	53.9285879050565	66.58397803436	83.6613060560156	10
1996	70.1285119624527	56.748272326255	69.9735704918102	87.7840783832167	11
1996	64.7534777997931	52.6080889386498	64.6164710537263	80.6904583622869	12
1996	63.8099270764724	51.5428752111569	63.6665827391535	80.0346674726372	13
1996	71.5142264920852	58.1160189583996	71.3627178588036	89.093109161376	14
1996	68.3607106910244	55.691916108723	68.2199843578375	84.923509077646	15
1996	67.5881990207637	54.9362536816821	67.4455502669521	84.1817401779526	16
1996	67.1796557477474	54.2238988862642	67.0263865114001	84.3414056446539	17
1996	64.5292289132237	52.1208941305703	64.3836260990153	80.9460388069388	18
1996	65.3592159536752	52.8417604762823	65.2135761170933	81.8959043816176	19
1996	64.2854375219245	51.7091329207581	64.1350433519904	81.0136432699529	20
1997	30.6367163181851	24.6796312014875	30.5692822335966	38.5221549803911	1
1997	34.7223266325142	27.9089406619726	34.6438346914922	43.7708881501131	2
1997	34.3349475037218	27.6405482566991	34.2590616009444	43.2029925190365	3
1997	29.0833371005892	23.3826401436781	29.0190570604772	36.6424245248146	4
1997	29.932180556384	24.0609968290573	29.8658186570055	37.7197952522385	5
1997	34.4094663366642	27.8320963499363	34.3372480812054	43.0648902399551	6
1997	34.5631173257729	27.7740867622804	34.4854823123835	43.5775477875855	7
1997	39.6864108777929	31.9032481935001	39.5964801035632	50.023379264858	8
1997	34.1627245365118	27.5339206568822	34.0877560583139	42.9324070224396	9
1997	32.2766410355836	25.9054306551906	32.2029828155324	40.7521610592587	10
1997	38.7864553066119	31.2000310669555	38.6992843882105	48.8521797397782	11
1997	30.9494365157384	24.9094046662034	30.8817098813508	38.9473034350851	12
1997	32.0097859060999	25.5365350936589	31.9331397094766	40.6861480397091	13
1997	38.0091548702945	30.6436429397774	37.925834609622	47.7505775975265	14
1997	32.8704123568133	26.4579821982734	32.7984500090243	41.3609967695203	15
1997	36.2413930503332	29.225261303889	36.1622168313296	45.5172026493255	16
1997	33.3556928344287	26.6826399181179	33.2768751531163	42.274160675942	17
1997	28.7061267760909	22.9250965775563	28.6384532365216	36.4410398266078	18
1997	29.107974417378	23.3443071618626	29.042074658006	36.7760690047363	19
1997	30.4227653228344	24.280856225618	30.3502994524226	38.6496863460917	20
1998	13.6798049825013	10.7323246790169	13.6464611573584	17.6861554133239	1
1998	12.5316929851818	9.8086582702963	12.5011967496536	16.2394144650025	2
1998	13.6724624870076	10.6871514128471	13.638639155896	17.7456043772227	3
1998	15.2689103118261	12.0271331637951	15.2323746641132	19.6566290409237	4
1998	13.8516540186859	10.8742097539556	13.8184491321896	17.8926621317922	5
1998	15.7801982290563	12.4347503313806	15.7433736357036	20.3001769301966	6
1998	13.5225884211531	10.7137567993598	13.4923950709194	17.2917694775167	7
1998	13.5931541506549	10.6098838974086	13.5591334314606	17.6709785764523	8
1998	12.7144196372203	10.0727764139729	12.6862289213285	16.258017932683	9
1998	12.2187649857301	9.53785836892148	12.1883225606392	15.8820752274091	10
1998	11.0422519308884	8.5764773630304	11.0146679830298	14.425499385516	11
1998	13.7142029930587	10.843277151318	13.6833819275391	17.574380263214	12
1998	13.1063371256494	10.2597056667615	13.073827924712	16.9863962305854	13
1998	12.1578860930355	9.59054128294958	12.1307661789116	15.6147227390072	14
1998	10.5198499804298	8.27577066564306	10.4966153721655	13.546338603016	15
1998	12.8318698248444	10.1004431993084	12.8022956007032	16.5227569008934	16
1998	15.1292589412126	11.767611963211	15.0889476362641	19.7547727124494	17
1998	11.0931536697072	8.75679734693594	11.0682040189206	14.2386906292736	18
1998	12.7752406884199	9.98053916918193	12.7436323075162	16.5899569156731	19
1998	13.5437565444792	10.6227019482688	13.510488556447	17.5168730892483	20
1999	12.6617804878131	9.69217841621536	12.6251155412922	16.821708792521	1
1999	13.7761219130256	10.584603591632	13.7368605663786	18.2291663125789	2
1999	14.3279768954906	11.1255342208414	14.2899007281739	18.7396027332927	3
1999	13.6667576736109	10.5847338518983	13.6299187200115	17.9249299959626	4
1999	14.0302071772544	10.7230003756603	13.9890278768746	18.672869214309	5
1999	11.5114288973713	8.82419757577097	11.4797089026928	15.2597109663191	6
1999	12.7356934981352	9.8002951200534	12.7003394812564	16.8195116384623	7
1999	14.3139879073103	10.9989521153333	14.2730982631912	18.9397348033875	8
1999	16.1002610852742	12.5596853848736	16.0583232455424	20.9539339119909	9
1999	12.516823194439	9.58046697209145	12.4802429713609	16.6328965188127	10
1999	15.7562315339332	11.8703106216366	15.7037276406901	21.3214432803331	11
1999	13.3776846994625	10.376052729449	13.3428882378944	17.5108114616695	12
1999	15.1360918773056	11.5949232822642	15.0910636559331	20.1025478114576	13
1999	14.7349708013131	11.2904370440298	14.6923057285986	19.5564059114509	14
1999	11.8334064878084	9.19811572521846	11.8037735785195	15.4475860789334	15
1999	12.9633624218043	9.99937625371874	12.9284603174067	17.0712572341377	16
1999	13.8514235054363	10.6317688400008	13.8111553937514	18.3531195663803	17
1999	12.5429500799094	9.62693133591836	12.5068513723486	16.61757007805	18
1999	12.5024752815363	9.70515642746916	12.4698440633561	16.3525853169247	19
1999	13.8928371722456	10.6399854570132	13.8517752603582	18.4538484048237	20
2000	7.42450039472319	5.37349974909515	7.3914039680794	10.5241531644632	1
2000	5.81496006927373	4.27382900031486	5.79244936355617	8.09026925081232	2
2000	4.18695121992005	3.06886227637861	4.17208947113268	5.8309477144341	3
2000	5.14542200203345	3.79549438251164	5.12743992500054	7.11793434669705	4
2000	7.59915071132613	5.61697025607242	7.57139506606067	10.4999015976316	5
2000	5.82023774451282	4.30017597677893	5.79990998364028	8.03839264541895	6
2000	7.26809716651576	5.44590771527323	7.2447131645031	9.88254218110381	7
2000	5.65226595168375	4.12024811193456	5.62947408217428	7.93604591956878	8
2000	7.06263355380492	5.23079851721708	7.03702607567394	9.73768483049792	9
2000	6.15471357237727	4.56550437175471	6.13300966368082	8.46792348884671	10
2000	6.05880510849387	4.40499414640458	6.03422719566457	8.53046163397193	11
2000	5.67106340664469	4.20728014175447	5.65152692209344	7.79795358281449	12
2000	7.74373174058341	5.69921599244116	7.71366115628666	10.7597111405676	13
2000	6.10320832897974	4.6279365112287	6.08654417324874	8.1778632842182	14
2000	7.506594453136	5.66275392191216	7.48427326029883	10.1242175025242	15
2000	10.0201662415685	7.45684838445523	9.98586252526686	13.7340204610598	16
2000	4.90159511141316	3.63722362759626	4.88530966001235	6.73387625341465	17
2000	6.66690844182439	4.86629630559323	6.63890011194128	9.35695846090328	18
2000	8.45412685710658	6.18657033433212	8.41985587740349	11.8254878412285	19
2000	8.63993181933539	6.39967111842458	8.60866121329594	11.9107833095054	20
2001	5.46251498917563	4.04710421207294	5.44339730295303	7.52367357740731	1
2001	5.81343796039221	4.30844218836982	5.79235767937302	8.01008383923451	2
2001	5.55185021773502	4.09671209532896	5.53128616634833	7.68641971538682	3
2001	7.38430836387814	5.47135393148638	7.35724349166276	10.179163590691	4
2001	6.14071460267384	4.52839419561362	6.11778452383565	8.50842760961783	5
2001	5.73117852063791	4.23947501229743	5.71131890213579	7.90465135372161	6
2001	6.40396039118157	4.69621680461398	6.37860925745066	8.93408776472635	7
2001	8.1429073939822	6.06060449545935	8.11422463703126	11.1656246900852	8
2001	5.52744182178279	4.14195562420035	5.51018126749784	7.51125081348702	9
2001	6.76639440846859	5.02519561342266	6.74191277285207	9.30319083648859	10
2001	8.44027620693257	6.19477682129155	8.40715839197256	11.7627402300757	11
2001	6.70864137553533	4.96252814071509	6.68381412911743	9.26483929276689	12
2001	5.82579182446453	4.31291638602522	5.80466980949407	8.03582108812558	13
2001	7.12517937156829	5.33292538931361	7.10159976667343	9.70390099174063	14
2001	8.41537262438325	6.24820854067189	8.38599843843228	11.5652826738879	15
2001	7.22832208414083	5.41624805697418	7.20517264924729	9.82739424070219	16
2001	7.1901287542335	5.34022033408441	7.16371220022108	9.88823099784001	17
2001	8.35984628237272	6.2756487969849	8.33212066768911	11.3519981386947	18
2001	6.42178607833011	4.76578823213518	6.3989077096337	8.83312257822268	19
2001	7.66129272604263	5.64524367669406	7.63190490433643	10.6297671164105	20
2002	4.43578891109631	3.20317166424643	4.41714241245061	6.29314208101844	1
2002	4.39808452728975	3.17311348925151	4.3788685016884	6.25093867547353	2
2002	7.34587218932409	5.50015398205877	7.32255629356661	9.99320164745789	3
2002	6.49644995715444	4.76834991089787	6.47221016447225	9.04346614605297	4
2002	6.00743490218289	4.41978177334043	5.98564387177938	8.3382752520654	5
2002	8.59678784815256	6.2318529832672	8.56224168602315	12.1370193834202	6
2002	5.71984105334349	4.23137679349725	5.70040212776221	7.88552796434808	7
2002	5.34459157991426	3.8633666842921	5.32201066664357	7.57555137969987	8
2002	5.47035231902672	3.97734225043977	5.447645148046	7.70558326027486	9
2002	4.77657992267832	3.50007540079658	4.7589910241799	6.65876653267092	10
2002	5.56555664561372	4.04921225223413	5.5440403310277	7.82224749844384	11
2002	5.7153779672562	4.17827994718619	5.69312257467524	7.99534002213948	12
2002	5.1322565846549	3.78086440444733	5.11388941715092	7.11228242506443	13
2002	5.12456028391151	3.7489566173255	5.10548089241425	7.15711911627988	14
2002	6.20574730292058	4.53108831533841	6.18151549668448	8.692754486391	15
2002	5.4772746088279	3.95845659236845	5.45376291802531	7.7681169468882	16
2002	5.47730642924949	4.00304529604619	5.45566819942005	7.66701657531041	17
2002	5.90875706206139	4.27993700134417	5.88299264973385	8.3642617179611	18
2002	5.48508468446824	4.02351015386459	5.46477571166928	7.63914717317526	19
2002	6.27546087915917	4.4892540561945	6.24550796451632	9.0155189434488	20
2003	39.8798415714141	32.1093386595202	39.789994543278	50.1840179077245	1
2003	42.0416149069685	33.8590712457308	41.9467573399882	52.8909611262434	2
2003	41.388890227688	33.4429595495692	41.2984346749389	51.8783588894334	3
2003	40.8811803683546	32.9336662924123	40.7891743155443	51.4150968903307	4
2003	43.3545084657911	35.0313602462493	43.259281498779	54.3451995685495	5
2003	40.6370820863661	32.8873573702128	40.550349429167	50.840991851493	6
2003	44.0518972304738	35.5478007790478	43.9544276428394	55.2976384886802	7
2003	43.9891167331737	35.5348806110181	43.8924546223119	55.1553416944011	8
2003	39.3137486639602	31.6848707378439	39.2262809798815	49.4149275220749	9
2003	44.1265817151972	35.3911169141175	44.0228608682886	55.7745623773176	10
2003	40.3745185587692	32.6259759011322	40.2863438718189	50.6023268118566	11
2003	41.1594190647292	33.2137570001934	41.0691308193509	51.6612308014809	12
2003	39.9363343954959	32.1637640980984	39.846405576733	50.2408081590186	13
2003	43.9555344969098	35.5585945417922	43.8605129125692	55.0233464315479	14
2003	42.2371066125582	34.2994376596742	42.1496989673716	52.6427251059966	15
2003	40.6412434682196	32.8787347898309	40.553954219706	50.8685823932074	16
2003	40.5737841050275	32.596462612782	40.4796224608677	51.1890441031853	17
2003	42.163800305838	33.8996375289254	42.0668643787927	53.1480653180677	18
2003	41.5464269063278	33.4301661626215	41.4517992538585	52.3213785786286	19
2003	39.7588981967564	31.8842650722522	39.6655574176811	50.2592480289783	20
2004	19.6145159073784	15.5730401017012	19.5682955679973	25.0460117897176	1
2004	20.2992313391559	16.2632065796086	20.2547988325453	25.6622329776416	2
2004	19.4527562776974	15.4944969209917	19.4086276042993	24.7471556552818	3
2004	20.0678250213359	15.9630727029533	20.0215710341801	25.5690136726175	4
2004	20.1196414814894	16.0463107291264	20.0742372524387	25.5608741170885	5
2004	19.8125264982477	15.8366661658188	19.7693572011797	25.1036047601939	6
2004	20.899279358253	16.6352938438457	20.8510893364267	26.6111556294575	7
2004	20.612631248471	16.3497650810023	20.5639801742193	26.3464701215007	8
2004	20.0352241323658	15.862757147181	19.9872844677341	25.6600467969194	9
2004	18.3190006826557	14.5408956096679	18.2760490806094	23.3959605780361	10
2004	21.736890021014	17.236537998736	21.6849809985479	27.7958039742196	11
2004	19.5736001729392	15.7175850721113	19.5322187829474	24.6782295808709	12
2004	20.2950574942454	16.1647281433907	20.2480000972173	25.8270031497006	13
2004	20.6230759072798	16.4770648062228	20.5773761501569	26.1479231192957	14
2004	20.5122639582122	16.441932240886	20.4681619073333	25.9132305118483	15
2004	20.4443304747199	16.3474713356301	20.3992745438792	25.898541833667	16
2004	17.6121965909148	13.8686673019879	17.5683250037667	22.6925541337684	17
2004	20.5009616457088	16.2799018897324	20.4525077566745	26.1740120041116	18
2004	21.8908591560496	17.3375474326891	21.838006606717	28.0309211985926	19
2004	20.5822509908482	16.2338139210216	20.5309788126864	26.4761414086816	20
2005	41.2032841007536	33.2647508393214	41.1124413840501	51.6951917443079	1
2005	44.3707850904797	35.8344824749463	44.2729486669721	55.6498382939547	2
2005	41.0276520362766	33.1325570239523	40.9380090453915	51.4542679009598	3
2005	39.7925811742563	32.1292137218101	39.7054694312576	49.915724645503	4
2005	43.8093368039749	35.4941805498519	43.7156855375534	54.7496336381782	5
2005	39.4959120605468	32.0435333464475	39.4139521724209	49.2738506062623	6
2005	35.9313099488332	28.8284635657582	35.8492410054784	45.3831361689352	7
2005	37.0683683316866	29.8846864973264	36.9868038093604	46.5715105170349	8
2005	38.9755722258742	31.4917647285135	38.890960952263	48.8513176992311	9
2005	40.5148990071948	32.6152944898891	40.4232695653811	50.9940858153761	10
2005	39.7660934129473	31.9918666643384	39.6762592644361	50.0832728898001	11
2005	41.1200020460444	33.3305607209757	41.0333699419915	51.3562775909957	12
2005	41.1293117786013	33.0490405109079	41.0346138846315	51.8747778347055	13
2005	38.9388713154637	31.5582201735844	38.8570493017291	48.6374899403413	14
2005	38.6136293269037	31.3275475630994	38.5335487594398	48.1730526774602	15
2005	40.4156543901305	32.7775353050622	40.3309187957093	50.4460979664576	16
2005	42.7379133027542	34.3792852503954	42.6396637426817	53.8433708692998	17
2005	42.1796395653914	33.8861771822921	42.082102482577	53.2132333584937	18
2005	41.1936352767647	33.1704010998326	41.1008967694118	51.8318021124553	19
2005	40.9392386225709	32.8067319943554	40.8426186973883	51.7930526295035	20
2006	41.4094223392961	33.1959339159186	41.3124729306681	52.362682981539	1
2006	39.7944915732891	32.0634583734233	39.7056079859314	50.0354923786451	2
2006	41.8072017312261	33.6480878936359	41.7130585837359	52.6296222206013	3
2006	42.8305674874652	34.357422891828	42.7309875043317	54.1197704844336	4
2006	40.8047064864951	32.8757880937131	40.7136245074756	51.3078681979654	5
2006	44.4481385926008	35.9143328217265	44.3516932049649	55.7089718609723	6
2006	46.0504902314485	37.0870817850601	45.9467211897861	57.9344710915827	7
2006	41.4968784469954	33.2459067113844	41.3998463499771	52.5043007770155	8
2006	41.9323595901744	33.7762168205909	41.8384689478614	52.7404727748185	9
2006	48.890769788295	39.1241545473504	48.7732655041018	61.9539791343513	10
2006	42.4462208148084	34.1671579723943	42.350407014511	53.4282110957793	11
2006	45.6953472513963	36.9381362612118	45.5961091355973	57.2477766772086	12
2006	44.4301127181691	35.6539328474339	44.3262528244069	56.1236316649344	13
2006	42.3610532930497	34.1805217504272	42.2680160106068	53.1748406083227	14
2006	40.6751877175974	32.954457043243	40.5895889572708	50.8240625234118	15
2006	42.3993034214978	34.27929925654	42.3076661313907	53.1067622527912	16
2006	42.0449682652991	33.7558185650817	41.9468413988005	53.0845974193667	17
2006	40.8409639892979	32.802659394424	40.7466395322359	51.5362268108996	18
2006	43.3615404219947	34.8755282281323	43.2626561838881	54.6319731729471	19
2006	39.2545398697035	31.3922452537963	39.1606471593934	49.7727306445894	20
2007	22.3443975841857	17.6865051501304	22.2900187379703	28.6313850454294	1
2007	19.7553999401308	15.7198228821055	19.7099942430078	25.1616261185354	2
2007	21.3350812378551	16.9575894286875	21.2854942067183	27.2084037767143	3
2007	24.4979591809544	19.3830046662237	24.4377831676269	31.4080956944964	4
2007	20.1955046465513	16.154418980222	20.1510521620154	25.5735947902152	5
2007	20.7672463659862	16.6138533237321	20.7220258439916	26.2907969919509	6
2007	23.2346663880476	18.3870573306527	23.1781453782419	29.7786892399152	7
2007	22.4454359089605	17.861938490666	22.3932718049233	28.5893250437687	8
2007	24.6915258600435	19.6265486401177	24.6329423683588	31.4953675266614	9
2007	21.8954602957415	17.3846478832314	21.8433519978029	27.9612155752114	10
2007	22.0608368459452	17.5760276031854	22.0099468093773	28.0644688179266	11
2007	22.126835116089	17.6506662961441	22.0769304344109	28.1051096600781	12
2007	21.5430075324265	17.0662624709451	21.4907177094306	27.5806853305386	13
2007	21.4797776771972	17.142732326832	21.4316074649553	27.26817045547	14
2007	21.2485100786665	17.0435109358871	21.2029501142605	26.8244397072072	15
2007	24.7019184257068	19.8284533692509	24.6480037630117	31.1671526505002	16
2007	19.8382381330329	15.721468736789	19.7904986829247	25.3859582407865	17
2007	21.1130082755049	16.6766730393267	21.0608405556344	27.1163089521876	18
2007	19.9480164507857	15.8165834369124	19.9009325237787	25.5067465890052	19
2007	20.7309215650984	16.3622892094882	20.6793922490688	26.6482981150654	20
2008	15.403339780286	12.0725061656448	15.3648268030911	19.9412237008375	1
2008	12.1203087577017	9.52892796547355	12.0919766926317	15.6281019246909	2
2008	12.035532783144	9.41311259724096	12.0065763085101	15.6059800186686	3
2008	13.6126553018526	10.6652790952319	13.5795829306006	17.6222721458826	4
2008	13.9814861749525	10.9741485863118	13.9479240287654	18.0639389907871	5
2008	15.6678593443199	12.3706547384229	15.6317829632033	20.1122155182137	6
2008	18.0188943110046	14.1400794651925	17.9737489620083	23.2988624451872	7
2008	15.8916136388524	12.4993581774822	15.8530888665689	20.4917883930013	8
2008	16.4662533654139	12.9546525453379	16.4262031546038	21.2282541275663	9
2008	13.5086827458665	10.4477057963644	13.4721232085857	17.743392442549	10
2008	13.634280255315	10.7102532645828	13.6017161209229	17.5999377435921	11
2008	16.9991543404835	13.3219839104494	16.9569953069271	22.0067805641767	12
2008	13.8977530744427	10.8896859288075	13.8632185500177	17.9951853690841	13
2008	15.2881569390546	12.0291304694211	15.2518385208554	19.7010682421589	14
2008	13.3682282527966	10.4800666180883	13.3364678870164	17.2902900912702	15
2008	15.5206689067403	12.1872971394033	15.4831580370241	20.0460618478748	16
2008	12.4173562359937	9.70314506441688	12.386351781218	16.1235363560689	17
2008	16.6222982278666	12.9265411131924	16.5776343139261	21.710950727638	18
2008	16.9844493548379	13.2825329633703	16.9410373798281	22.043387592931	19
2008	16.7029693665852	13.1356817148918	16.6614861479104	21.5481461850836	20
2009	44.4498319056549	35.8645594882236	44.350786378371	55.8088345260349	1
2009	45.6305875612892	36.8321543783423	45.5291579609393	57.2663636804504	2
2009	42.5906756486669	34.4908026550321	42.4994594138686	53.2526264055249	3
2009	45.3192064258232	36.5940267080534	45.2189419928344	56.8517319670218	4
2009	45.9803717760431	37.1091425039219	45.8781661211238	57.7137259734464	5
2009	46.3000329370162	37.5029743345585	46.2013312131706	57.8745832982657	6
2009	46.0215199602138	37.2034920032565	45.9211988560615	57.656398514249	7
2009	43.6981711509332	35.1105473379544	43.5978595857164	55.1168933520596	8
2009	44.5696234888215	36.0020661409683	44.4717485778518	55.885557782789	9
2009	46.8571378915378	37.7240303951791	46.7503411311504	58.9775900927602	10
2009	43.3359342152054	34.9193637601379	43.2385791182326	54.4884279461504	11
2009	44.0550970928387	35.7452829792666	43.9626983087187	54.964131332609	12
2009	49.4050163466738	39.7012454334202	49.2901489337868	62.3166819774625	13
2009	46.0848861996443	37.3550798304987	45.9869548256128	57.5627191450688	14
2009	44.8433114193546	36.4410825785476	44.7507364050871	55.8506718374276	15
2009	47.2365929846278	38.17977166377	47.1333998624377	59.1895081611825	16
2009	47.640583777068	38.3730772431261	47.5314930453638	59.9385960333987	17
2009	45.2288338940684	36.4381673946054	45.1261776247071	56.8858653916564	18
2009	45.8642370954002	36.9200354224267	45.7598720145976	57.7340006767791	19
2009	44.2075341985558	35.522640596263	44.1049075254939	55.7629607593148	20
2010	34.0474739236139	27.2032227013425	33.9668334300256	43.2043300098421	1
2010	33.6181492048261	26.9097437103065	33.5398799226331	42.5712712870134	2
2010	34.7144712020198	27.8487969101246	34.6355002498449	43.8492496907816	3
2010	35.9388439330673	28.7838076882591	35.8556209931074	45.4807601717867	4
2010	33.3332195212228	26.7599802986644	33.2579854839815	42.069976689808	5
2010	35.358597905506	28.409305910302	35.2797826025489	44.5824924786152	6
2010	33.6934111416191	26.970667643378	33.6154763108636	42.6619207720118	7
2010	34.9822685487226	28.0397628664552	34.9019515215244	44.2303900213781	8
2010	32.1537440144775	25.7562033471478	32.0800616597453	40.6790274848847	9
2010	32.1061677186853	25.6631927002359	32.0306703962674	40.7195242034816	10
2010	34.3697122756123	27.5173703699126	34.2899984235906	43.5112803044022	11
2010	34.826828184291	27.9471443636761	34.7481402200108	43.9744220635227	12
2010	32.9286805553562	26.3225946707377	32.8507997020717	41.762761376173	13
2010	32.9987864120932	26.4739869585836	32.9243563931857	41.6751669340157	14
2010	33.6614944384499	26.9844110174378	33.585219399395	42.5481213813905	15
2010	34.3694644949453	27.5985735923269	34.2920948846214	43.3658346089966	16
2010	34.2136436674357	27.3793938237771	34.1328272735607	43.3446667975548	17
2010	33.2967266501435	26.606635218688	33.2176543035827	42.2479996109836	18
2010	34.8779551234767	27.8936761198342	34.7962702688823	44.2088567476479	19
2010	34.9100876096696	27.8320910103598	34.825449655765	44.4090952527767	20
2011	56.7061047657962	45.6613558308895	56.5757455215177	71.3693145224403	1
2011	51.5279978943236	41.7518251940812	51.416472606631	64.399135788381	2
2011	53.3977883917368	43.2239889537903	53.2813708518071	66.8082742553678	3
2011	56.2606677783023	45.4798654395534	56.1359024841415	70.5002984721334	4
2011	53.219478861729	43.1273868841128	53.104353202524	66.5050023908184	5
2011	55.0559394686302	44.645517334239	54.938483640343	68.7422553250843	6
2011	53.484266316214	43.1425705145312	53.3642013613324	67.1760864992235	7
2011	54.5334560592773	44.0354789120372	54.4118875271533	68.415240475795	8
2011	53.3460876489387	43.0682518356704	53.2270658835629	66.9394657093592	9
2011	51.8104030879204	41.8048668180531	51.6938557274087	65.0558402356519	10
2011	55.3535768834813	44.658458070612	55.2287894687223	69.5150986298779	11
2011	54.6468698279908	44.3293211622969	54.5303887418717	68.2068310435856	12
2011	55.4069312817901	44.7097024967806	55.2819007294961	69.5701097486971	13
2011	53.0935407067635	43.0703744302944	52.9805717032069	66.2650015330093	14
2011	56.240441048606	45.6729073120427	56.1219978771737	70.1074480537295	15
2011	54.8037892618463	44.4106475142419	54.6858505498216	68.4814678718736	16
2011	50.5489434781307	40.7961631262548	50.4347470533795	63.4610681169212	17
2011	56.951272838178	46.0254203647304	56.8239413326308	71.3926219601704	18
2011	52.2280201992082	42.1571414526317	52.1110219622023	65.5529829664754	19
2011	52.798253127904	42.4774067119198	52.6757283272697	66.5174886430672	20
2012	13.6415919603692	10.6751116134332	13.6077893495534	17.6858126101799	1
2012	14.6711453210012	11.4694280507437	14.6342560623599	19.0433415085438	2
2012	12.4915379997204	9.73463680938067	12.4605227407114	16.2628282831267	3
2012	13.7107897688709	10.6450319524838	13.6752242112258	17.9280942176935	4
2012	14.265182109287	11.2120237413104	14.2311738676701	18.403752188525	5
2012	13.9492046354643	10.8681396165531	13.9145624854484	18.1647537486404	6
2012	13.5553904833591	10.5540134351262	13.5209015563125	17.6701364868593	7
2012	12.6555835900055	9.83109517604455	12.6232373383798	16.5358416090086	8
2012	14.7342534674291	11.5352347787743	14.697663001854	19.0945647796264	9
2012	14.4668186317792	11.2170901384193	14.4280312841992	18.951094606952	10
2012	14.7963409126548	11.5936907647519	14.7598632324679	19.156776320067	11
2012	13.3057143196361	10.4990726223269	13.275572283674	17.0871615683604	12
2012	12.7069640481967	9.88226845176196	12.6740477772249	16.5871979756442	13
2012	15.4543314017575	11.9921221829656	15.4137770273681	20.2224896319441	14
2012	16.2119154949195	12.7556173893266	16.173239973709	20.8932332276847	15
2012	14.1854230317485	10.9938093365203	14.1483249592551	18.5843104006778	16
2012	13.5710939016393	10.4388136383224	13.5325854252196	17.9363078962258	17
2012	11.6666701294347	9.12085901633927	11.6381534143769	15.1371977521638	18
2012	12.6929130718131	9.75860182719166	12.6578777834298	16.7765731012651	19
2012	14.7428157164345	11.3000674433392	14.6996898717878	19.5636565158671	20
2013	15.9255368225147	12.4895924291666	15.8856665717941	20.6047466313001	1
2013	12.5918161255123	9.81084759209035	12.5601358616493	16.399667669129	2
2013	13.8289906863495	10.766404247181	13.793734616951	18.0283935652045	3
2013	16.5413807382083	12.8551280136811	16.4973287609297	21.616754246989	4
2013	12.8165565320552	10.0277752116949	12.7854679901454	16.6142300506802	5
2013	13.4679724450723	10.5903337700739	13.4367973265285	17.3605429732492	6
2013	13.2151519862175	10.3575363545335	13.1832094806351	17.1004392954101	7
2013	13.5165317033675	10.5113434634693	13.481782397707	17.6429819200158	8
2013	13.4132528348328	10.4740312613175	13.3797845252453	17.428746787274	9
2013	12.5841677573731	9.70178951015371	12.5496236230805	16.5854268066357	10
2013	13.9045990275938	10.8052567312688	13.8685099140774	18.1652762629947	11
2013	13.2774568281251	10.3448052782521	13.2443121080841	17.2911983290103	12
2013	13.3574629010368	10.3350789165406	13.3212380528704	17.5379899578818	13
2013	11.6427363365332	9.10306950021267	11.6150565002675	15.0990073488028	14
2013	12.9006131902287	10.1308642293447	12.8705324250091	16.6527188016578	15
2013	13.2526467171827	10.3397960260339	13.2198518669937	17.2328372949814	16
2013	14.3414582501077	11.2069990059769	14.3048218301406	18.6273905980561	17
2013	12.7035169564504	9.87344504371633	12.6704967493816	16.5938894930996	18
2013	13.6916628025571	10.684854802775	13.6571339197628	17.8041472569871	19
2013	11.9084073763475	9.26310410421944	11.8780107868705	15.5383834087823	20
2014	28.4954957065222	22.4344078642158	28.4210954184454	36.7467569433114	1
2014	27.3017159512713	21.6315730787327	27.2342445380477	34.9565695073	2
2014	28.0523873942271	22.2411542791263	27.9833851434913	35.891450294195	3
2014	27.430333363184	21.6979448854879	27.3617547261905	35.1845782469072	4
2014	26.6217565392621	21.0768784046065	26.5559252373839	34.1121552305804	5
2014	27.9839627155198	22.2139667159581	27.9164953080296	35.750473800734	6
2014	26.8421837126667	21.1757937119486	26.7739475762468	34.5310023905186	7
2014	26.660717954064	21.1054017846147	26.5947641730539	34.1660086502452	8
2014	32.0743435968089	25.3698798959651	31.9929066714752	41.1527748412998	9
2014	26.0300137414531	20.60484393995	25.9652501427277	33.3624486394959	10
2014	23.7281791888008	18.622649906643	23.6661064063704	30.6962515601421	11
2014	25.7086816940959	20.4917143765281	25.649107715042	32.6918685579393	12
2014	27.3580628992063	21.7008692183944	27.2905280105148	34.9882629366675	13
2014	26.5444843852478	21.0892910857249	26.4810262418085	33.8786492178475	14
2014	26.7578077349643	21.3141838171342	26.6953797084758	34.0509624055202	15
2014	25.9049940622389	20.7074157904664	25.8461507375155	32.8386606341283	16
2014	28.3509427382631	22.4689812609104	28.2799571327404	36.2966709294062	17
2014	27.6824850514764	21.9582724271837	27.6140251968717	35.4039621542297	18
2014	26.147357732513	20.5715705047909	26.0794650018487	33.7393203321467	19
2014	23.9743682103756	18.8232790910834	23.9111190388574	31.0063091148321	20
2015	22.8128191332963	18.1537836500086	22.7591384073699	29.0627987613108	1
2015	23.0663825724768	18.3933954591371	23.0130265166709	29.3187202263414	2
2015	22.6438018408683	18.0101268831924	22.5908463194452	28.8598728174633	3
2015	25.6127838372009	20.3646746537764	25.5517426678995	32.663043779609	4
2015	25.6102374523697	20.5054756373127	25.5524847141086	32.4085976467143	5
2015	26.2750370120742	20.9701652321377	26.2147529209548	33.3646428236217	6
2015	22.2573663771808	17.7423330274033	22.2062559014087	28.2972684563972	7
2015	23.7326462109222	18.8335506320533	23.6757452991076	30.3261662818752	8
2015	26.7781124868804	21.3535135273192	26.7154815038889	34.0408368279296	9
2015	23.0308102722806	18.3447591958913	22.976825567933	29.3109555425913	10
2015	21.8277034903754	17.3356671113318	21.7760256927573	27.8650430401088	11
2015	21.1984415145314	16.9556505345354	21.1517292013725	26.8456003594291	12
2015	23.0998584797639	18.3629733358178	23.0447312961722	29.4648354637681	13
2015	24.3131252064934	19.5126202514179	24.2600274156976	30.6827515924956	14
2015	21.6055698514745	17.2721792085233	21.5578075461858	27.3767394487599	15
2015	24.1634015298633	19.3729717489547	24.1101042411479	30.5282565525878	16
2015	23.0225100387875	18.2782655084352	22.9668218818995	29.4088849392576	17
2015	22.7712389106278	18.0932788841696	22.7168068465748	29.059932554588	18
2015	20.4324513331709	16.1934817269899	20.3837978273935	26.1408799772593	19
2015	25.1493630104557	19.9552379778192	25.087737197048	32.15009064738	20
2016	16.9253804030757	13.0412870376404	16.8772043287084	22.3321579974685	1
2016	15.462592347572	12.0516984398095	15.4225943004319	20.139611861234	2
2016	20.5895167183275	15.9395640012954	20.5320201927556	27.0305449275157	3
2016	21.1513750016016	16.1853761120919	21.0874387235506	28.1294729950058	4
2016	18.8502389422987	14.7860443683109	18.8027670084772	24.3861927441952	5
2016	16.4960592075636	12.8745600604496	16.4544595838813	21.4488646853297	6
2016	16.8470576617701	13.0849242480678	16.802042358027	22.0303512741221	7
2016	19.0425275213932	14.8314169376691	18.991884933965	24.8300426654689	8
2016	19.0985283401578	14.8368389101589	19.0466338359968	24.9753367858633	9
2016	19.1256915614072	14.8325798176253	19.0727298840351	25.0609876309481	10
2016	17.5269798541701	13.7332978616241	17.4826206981183	22.7003832650631	11
2016	17.9056161586602	14.1846077447793	17.8642395122093	22.9092644939928	12
2016	15.9124017716814	12.3135555962614	15.8683110436361	20.8965730686076	13
2016	21.2110777007762	16.3766931249867	21.1510353734314	27.9276002163175	14
2016	17.2483552775991	13.4739252160996	17.2046455471397	22.4081851345051	15
2016	17.4817672899393	13.6240611608465	17.4363682788064	22.7731860878142	16
2016	16.6578269753264	12.917722149237	16.611971371467	21.8268915850897	17
2016	16.1548715120071	12.3919208546984	16.1074291902211	21.4222681403876	18
2016	17.8872447711087	13.7854311285361	17.8364378529267	23.5953340262042	19
2016	16.9705968707815	13.1539128010468	16.9238699498042	22.2475420022376	20
2017	39.7210152644457	31.7961544305235	39.62731349411	50.3059118875043	1
2017	43.297094064499	34.7473994854608	43.1964604544202	54.684156783328	2
2017	40.1824559079566	32.3358087390796	40.0923673424471	50.5887265574217	3
2017	44.2283164113479	35.4954087135789	44.1260493397375	55.8554980203887	4
2017	39.9098316749695	32.0435366985629	39.8185319370259	50.3728834320765	5
2017	39.3463535377701	31.6057285470688	39.257678382951	49.6293090309131	6
2017	35.9743943607406	28.884626104493	35.8928018365657	45.3994235079248	7
2017	41.5976085079623	33.4564355410073	41.5036085207116	52.4040755898029	8
2017	38.1972882710935	30.6495098910044	38.1097084297872	48.2427404695496	9
2017	37.8795570512679	30.3842428879039	37.7918404872024	47.8638076990893	10
2017	38.2163951388565	30.5820297785105	38.1266968187141	48.4125568972698	11
2017	39.0818307938897	31.5781743636197	38.9975761470867	48.9795278932003	12
2017	34.5852676156649	27.7779949394828	34.5063473027804	43.6359410984713	13
2017	33.0470235664344	26.614954389807	32.9748133795672	41.5589987853007	14
2017	38.353985695306	30.9734261744841	38.2712725230113	48.0934442445211	15
2017	36.7391658905105	29.644857068425	36.6593105958407	46.1110959211383	16
2017	35.0985994917954	28.2041214468976	35.0183087756644	44.2632335455098	17
2017	31.8863841483809	25.6274243436167	31.8143540620589	40.1987435338229	18
2017	37.8523577416352	30.3652662960202	37.7652943956041	47.8208344529794	19
2017	42.4101173271086	33.9418791660906	42.3091127480047	53.729295489468	20
2018	116.032998114771	93.4657855679571	115.757430531605	146.047246454467	1
2018	117.57740143481	94.7054104224114	117.297526751716	148.002532791513	2
2018	111.80217673922	90.2127655522727	111.541854243511	140.443514194551	3
2018	110.143357360412	88.7092756529526	109.882217185024	138.650457166244	4
2018	109.84222683827	88.7397423778064	109.588606958265	137.797463982765	5
2018	116.705253753713	94.346103013166	116.439081904029	146.287964490327	6
2018	111.60479392239	90.0716720590439	111.345774319236	140.161287264826	7
2018	113.631133777476	91.6101833902447	113.364419979403	142.878277755634	8
2018	117.06709860627	94.2465130666108	116.78847714882	147.434940311166	9
2018	112.85299304135	90.8126256453125	112.582370726842	142.206633684944	10
2018	114.539440899507	92.2684978685268	114.268214854702	144.152813325087	11
2018	112.624280137359	91.2548848042043	112.372386137629	140.815532344326	12
2018	118.271011566307	95.0124997857233	117.982837804644	149.317497313527	13
2018	112.671505973266	91.1651570868001	112.416185262105	141.096062165856	14
2018	111.513488345324	90.4693353449847	111.267725243315	139.224468516809	15
2018	110.852802794681	89.574843321611	110.598426119426	139.025142895771	16
2018	119.054830346135	95.5220129523175	118.759781869378	150.531569528827	17
2018	114.399646440938	92.023224789743	114.123824023277	144.219420813967	18
2018	113.736023767553	91.5178859338709	113.463597154394	143.325558924315	19
2018	111.549659705992	89.4420266846126	111.272905952104	141.136505130411	20
