unieknr	loc_code	x	y	rasterid	groupnr	ser_length	ser_firstyear	ser_lastyear	ser_nryears	rest_aantal_meetptn	rankclus	rankclus_lastyear	rankclus_nryears	beschikbaar_aantal_cluster	gew_aantal_meetptn	aantal_cat1A	n
1	ALMP002	109744	185010	601	4	5	2004	2008	5	1	1	1	1	2	1	0	2
2	ALMP003	110287	185136	601	4	5	2004	2008	5	1	1	1	1	2	1	0	2
3	ARHP009	203834	177051	486	2	NA	NA	0	0	1	1	1	1	4	1	0	4
4	ARHP010	203804	177070	486	2	NA	NA	0	0	1	1	1	1	4	1	0	4
5	ASBP001	238494	179477	1010	1	9	2008	2016	9	1	1	1	1	3	1	0	1
6	AVEP007	194071	191836	54	3	NA	NA	0	0	1	1	1	1	21	1	0	21
7	AVEP036	194308	192708	54	3	NA	NA	0	0	1	1	1	1	21	1	0	21
8	BELP004	28016	199778	177	5	6	2001	2006	5	1	1	1	1	8	1	0	8
9	BELP005	28044	199714	177	5	6	2001	2006	5	1	1	1	1	8	1	0	8
10	BELP006	28068	199648	177	5	6	2001	2006	5	1	1	1	1	8	1	0	8
11	BELP008	28242	199806	177	5	6	2001	2006	5	1	1	1	1	8	1	0	8
12	BELP009	28145	199761	177	5	6	2001	2006	5	1	1	1	1	8	1	0	8
13	BELP010	27947	199669	177	5	6	2001	2006	5	1	1	1	1	8	1	0	8
14	BOBP016	239779	195779	850	1	NA	NA	0	0	1	1	1	1	5	1	0	5
15	BOBP018	240525	196690	850	1	NA	NA	0	0	1	1	1	1	5	1	0	5
16	BOBP303	239925	195868	850	1	NA	NA	0	0	1	1	1	1	5	1	0	5
17	BOBP304	239926	195869	850	1	NA	NA	0	0	1	1	1	1	5	1	0	5
18	BOEP003	107334	170403	89	4	NA	NA	0	0	1	1	1	1	5	1	0	5
19	BREP201	55379	218541	1	5	NA	NA	0	0	1	1	1	1	13	1	0	13
20	BREP202	55440	218464	1	5	NA	NA	0	0	1	1	1	1	13	1	0	13
21	BREP203	55243	218558	1	5	NA	NA	0	0	1	1	1	1	13	1	0	13
22	BREP204	55302	218484	1	5	NA	NA	0	0	1	1	1	1	13	1	0	13
23	BREP205	55139	218468	1	5	NA	NA	0	0	1	1	1	1	13	1	0	13
24	BREP206	55099	218328	1	5	NA	NA	0	0	1	1	1	1	13	1	0	13
25	BREP207	54921	218343	1	5	NA	NA	0	0	1	1	1	1	13	1	0	13
26	BREP210	55034	218027	1	5	NA	NA	0	0	1	1	1	1	13	1	0	13
27	BUIP011	206653	212113	118	1	9	2001	2009	9	1	1	1	1	14	1	0	13
28	BUIP012	206540	212103	118	1	9	2001	2009	9	1	1	1	1	14	1	0	13
29	BUIP014	206517	212120	118	1	9	2001	2009	9	1	1	1	1	14	1	0	13
30	BUIP015	206639	212165	118	1	9	2001	2009	9	1	1	1	1	14	1	0	13
31	BUIP016	206637	212165	118	1	9	2001	2009	9	1	1	1	1	14	1	0	13
32	BUIP023	206653	212114	118	1	9	2001	2009	9	1	1	1	1	14	1	0	13
33	BUIP026	206595	212157	118	1	9	2001	2009	9	1	1	1	1	14	1	0	13
34	BUIP027	206595	212155	118	1	9	2001	2009	9	1	1	1	1	14	1	0	13
35	BUIP029	206552	212168	118	1	9	2001	2009	9	1	1	1	1	14	1	0	13
36	BUIP030	206550	212169	118	1	9	2001	2009	9	1	1	1	1	14	1	0	13
37	BUIP031	206473	212059	118	1	9	2001	2009	9	1	1	1	1	14	1	0	13
38	BUIP032	206473	212059	118	1	9	2001	2009	9	1	1	1	1	14	1	0	13
39	BUIP033	206472	212059	118	1	9	2001	2009	9	1	1	1	1	14	1	0	13
40	BUIP035	206335	212060	118	1	7	2003	2009	7	1	1	1	1	14	1	0	1
41	BUNP001	57800	216439	1	5	NA	NA	0	0	1	1	1	1	13	1	0	13
42	CATP004	58649	214127	1	5	NA	NA	0	0	1	1	1	1	13	1	0	13
43	DEMP007	190806	194941	822	1	NA	NA	0	0	1	1	1	1	17	1	0	17
44	DEMP011	190657	194916	822	1	NA	NA	0	0	1	1	1	1	17	1	0	17
45	DUNP010	178354	180655	134	4	10	2004	2013	6	1	1	1	1	2	1	0	2
46	DUNP012	178707	179625	134	4	10	2004	2013	6	1	1	1	1	2	1	0	2
47	DYLP020	169378	167510	262	3	NA	NA	0	0	1	1	1	1	33	1	0	33
48	DYLP021	169440	167581	262	3	NA	NA	0	0	1	1	1	1	33	1	0	33
49	DYLP029	169238	167404	262	2	NA	NA	0	0	1	1	1	1	9	1	0	9
50	DYLP064	169296	166832	262	3	NA	NA	0	0	1	1	1	1	33	1	0	33
51	DYLP066	169359	167629	262	3	NA	NA	0	0	1	1	1	1	33	1	0	33
52	DYLP070	169294	167490	262	3	NA	NA	0	0	1	1	1	1	33	1	0	33
53	DYLP071	169297	167489	262	3	NA	NA	0	0	1	1	1	1	33	1	0	33
54	DYLP072	169307	167493	262	3	NA	NA	0	0	1	1	1	1	33	1	0	33
55	DYLP073	169323	167496	262	3	NA	NA	0	0	1	1	1	1	33	1	0	33
56	DYLP081	169188	167724	262	3	NA	NA	0	0	1	1	1	1	33	1	0	33
57	DYLP087	169145	166917	262	3	NA	NA	0	0	1	1	1	1	33	1	0	33
58	DYLP090	169171	167071	262	3	NA	NA	0	0	1	1	1	1	33	1	0	33
59	DYLP098	168836	166696	262	3	NA	NA	0	0	1	1	1	1	33	1	0	33
60	DYLP099	168981	166780	262	3	NA	NA	0	0	1	1	1	1	33	1	0	33
61	DYLP104	169342	166912	262	3	NA	NA	0	0	1	1	1	1	33	1	0	33
62	DYLP156	169478	166091	262	3	NA	NA	0	0	1	1	1	1	33	1	0	33
63	DYLP157	169469	166259	262	2	NA	NA	0	0	1	1	1	1	9	1	0	9
64	DYLP159	169361	168086	262	3	NA	NA	0	0	1	1	1	1	33	1	0	33
65	FLOP004	169013	161968	262	2	NA	NA	0	0	1	1	1	1	9	1	0	9
66	GOBP004	201885	184397	166	2	NA	NA	0	0	1	1	1	1	18	1	0	18
67	GROP001	187160	220275	46	5	NA	NA	0	0	1	1	1	1	3	1	0	3
68	GROP002	187160	220370	46	5	NA	NA	0	0	1	1	1	1	3	1	0	3
69	GSCP001	167638	229848	478	3	NA	NA	0	0	1	1	1	1	22	1	0	22
70	GSCP002	167621	229841	478	3	NA	NA	0	0	1	1	1	1	22	1	0	22
71	GSCP003	167616	229839	478	3	NA	NA	0	0	1	1	1	1	22	1	0	22
72	GSCP006	167534	229824	478	3	NA	NA	0	0	1	1	1	1	22	1	0	22
73	GSCP007	167540	229836	478	3	NA	NA	0	0	1	1	1	1	22	1	0	22
74	GSCP008	167490	229826	478	3	NA	NA	0	0	1	1	1	1	22	1	0	22
75	GSCP009	167459	229809	478	3	NA	NA	0	0	1	1	1	1	22	1	0	22
76	GSCP010	167656	229861	478	3	NA	NA	0	0	1	1	1	1	22	1	0	22
77	GSCP011	167660	229863	478	3	NA	NA	0	0	1	1	1	1	22	1	0	22
78	GSCP012	167675	229876	478	3	NA	NA	0	0	1	1	1	1	22	1	0	22
79	GSCP017	167657	229201	478	3	NA	NA	0	0	1	1	1	1	22	1	0	22
80	GSCP018	167646	229194	478	3	NA	NA	0	0	1	1	1	1	22	1	0	22
81	GSCP019	167677	229190	478	3	NA	NA	0	0	1	1	1	1	22	1	0	22
82	GSCP020	167682	229188	478	3	NA	NA	0	0	1	1	1	1	22	1	0	22
83	GSCP021	167691	229182	478	3	NA	NA	0	0	1	1	1	1	22	1	0	22
84	GSCP024	168020	229769	478	3	NA	NA	0	0	1	1	1	1	22	1	0	22
85	GSCP034	165256	226975	478	3	NA	NA	0	0	1	1	1	1	22	1	0	22
86	GSCP035	165244	226881	478	3	NA	NA	0	0	1	1	1	1	22	1	0	22
87	GSCP042	165107	228843	478	3	NA	NA	0	0	1	1	1	1	22	1	0	22
88	GSCP050	165107	228842	478	3	NA	NA	0	0	1	1	1	1	22	1	0	22
89	GSCP068	165075	228761	478	3	NA	NA	0	0	1	1	1	1	22	1	0	22
90	GSCP168	165075	228761	478	3	NA	NA	0	0	1	1	1	1	22	1	0	22
91	HALP002	143429	155341	185	4	8	2008	2015	8	1	1	1	1	2	1	0	1
92	HALP005	144281	156162	185	4	5	2008	2012	5	1	1	1	1	2	1	0	1
93	HAYP001	107209	163506	985	4	NA	NA	0	0	1	1	1	1	7	1	0	7
94	HBTP007	212987	193133	694	3	NA	NA	0	0	1	1	1	1	4	1	0	4
95	HBTP008	212972	193186	694	3	NA	NA	0	0	1	1	1	1	4	1	0	4
96	HEIP005	70784	226290	693	5	NA	NA	0	0	1	1	1	1	8	1	0	8
97	HIPP003	142098	200326	745	3	NA	NA	0	0	2	1	1	1	22	2	0	22
98	HIPP004	142171	200253	745	3	NA	NA	0	0	2	1	1	1	22	2	0	22
99	HIPP005	142275	200052	745	3	NA	NA	0	0	2	1	1	1	22	2	0	22
100	HIPP008	143006	200372	745	3	NA	NA	0	0	2	1	1	1	22	2	0	22
101	HIPP009	143054	200215	745	3	NA	NA	0	0	2	1	1	1	22	2	0	22
102	HIPP011	143593	200953	745	3	NA	NA	0	0	2	1	1	1	22	2	0	22
103	HIPP012	143650	200788	745	3	NA	NA	0	0	2	1	1	1	22	2	0	22
104	HIPP015	144325	201199	745	3	NA	NA	0	0	2	1	1	1	22	2	0	22
105	HIPP016	144362	201030	745	3	NA	NA	0	0	2	1	1	1	22	2	0	22
106	HIPP021	144238	200533	745	3	NA	NA	0	0	2	1	1	1	22	2	0	22
107	IJSP003	163141	164523	262	3	NA	NA	0	0	1	1	1	1	33	1	0	33
108	IJSP011	165317	164191	262	3	NA	NA	0	0	1	1	1	1	33	1	0	33
109	IJSP017	165468	164008	262	2	NA	NA	0	0	1	1	1	1	9	1	0	9
110	IJSP018	166990	166250	262	3	NA	NA	0	0	1	1	1	1	33	1	0	33
111	IJSP020	167025	166227	262	3	NA	NA	0	0	1	1	1	1	33	1	0	33
112	IJSP021	167035	166210	262	3	NA	NA	0	0	1	1	1	1	33	1	0	33
113	ITTP003	237518	199947	850	1	NA	NA	0	0	1	1	1	1	5	1	0	5
114	ITTP212	242307	202672	146	1	5	2012	2016	5	1	1	1	1	2	1	0	1
115	KALP136	154423	234049	734	3	5	2011	2015	5	1	1	1	1	2	1	0	2
116	KALP137	154350	234337	734	3	5	2011	2015	5	1	1	1	1	2	1	0	2
117	KALP316	156088	229025	734	5	NA	NA	0	0	1	1	1	1	4	1	0	4
118	KALP319	155060	233988	734	5	NA	NA	0	0	1	1	1	1	4	1	0	4
119	KALP327	155590	232454	734	5	NA	NA	0	0	1	1	1	1	4	1	0	4
120	KALP357	156460	234019	734	5	NA	NA	0	0	1	1	1	1	4	1	0	4
121	KLUP003	119864	161359	217	4	NA	NA	0	0	1	1	1	1	4	1	0	4
122	LAAP003	218524	190066	694	3	NA	NA	0	0	1	1	1	1	4	1	0	4
123	LAVP024	166759	161765	262	3	NA	NA	0	0	1	1	1	1	33	1	0	33
124	LAVP048	167652	163370	262	3	NA	NA	0	0	1	1	1	1	33	1	0	33
125	LAVP056	168292	163913	262	3	NA	NA	0	0	1	1	1	1	33	1	0	33
126	LAVP059	168181	164052	262	3	NA	NA	0	0	1	1	1	1	33	1	0	33
127	LAVP060	168105	164098	262	3	NA	NA	0	0	1	1	1	1	33	1	0	33
128	LAVP072	168486	165366	262	3	NA	NA	0	0	1	1	1	1	33	1	0	33
129	LAVP073	168749	165502	262	2	NA	NA	0	0	1	1	1	1	9	1	0	9
130	LAVP080	169110	164590	262	2	NA	NA	0	0	1	1	1	1	9	1	0	9
131	LAVP085	169138	164207	262	3	NA	NA	0	0	1	1	1	1	33	1	0	33
132	LAVP136	166759	161765	262	3	NA	NA	0	0	1	1	1	1	33	1	0	33
133	LAVP142	167684	163351	262	3	NA	NA	0	0	1	1	1	1	33	1	0	33
134	LDOP019	184754	191421	342	1	9	2004	2012	8	1	1	1	1	4	1	0	1
135	LDOP035	185221	191291	342	1	12	2005	2016	9	1	1	1	1	4	1	0	1
136	LDOP036	185321	190835	342	1	8	2005	2012	6	1	1	1	1	4	1	0	1
137	LDOP042	184750	191415	342	1	10	2007	2016	6	1	1	1	1	4	1	0	1
138	LEUP001	201320	185975	54	3	NA	NA	0	0	1	1	1	1	21	1	0	21
139	LEUP101	201320	185975	54	3	NA	NA	0	0	1	1	1	1	21	1	0	21
140	MATP003	224779	181757	306	1	6	2011	2016	5	1	1	1	1	4	1	0	4
141	MATP010	225128	182769	306	1	5	2012	2016	5	1	1	1	1	4	1	0	4
142	MATP013	226425	182603	306	1	5	2012	2016	5	1	1	1	1	4	1	0	4
143	MATP015	226040	183424	306	1	5	2012	2016	5	1	1	1	1	4	1	0	4
144	MAYP029	193479	201817	822	3	NA	NA	0	0	1	1	1	1	14	1	0	14
145	MAYP030	193486	201836	822	3	NA	NA	0	0	1	1	1	1	14	1	0	14
146	MECP050	237195	185737	1010	1	10	2007	2016	10	1	1	1	1	3	1	0	2
147	MOEP011	116115	166574	217	3	NA	NA	0	0	1	1	1	1	8	1	0	8
148	MOEP012	116130	166513	217	3	NA	NA	0	0	1	1	1	1	8	1	0	8
149	MOEP013	116146	166429	217	3	NA	NA	0	0	1	1	1	1	8	1	0	8
150	MOEP016	116231	166332	217	3	NA	NA	0	0	1	1	1	1	8	1	0	8
151	MOEP030	116473	166514	217	3	NA	NA	0	0	1	1	1	1	8	1	0	8
152	MOLP018	167135	177145	454	4	5	2001	2005	5	1	1	1	1	5	1	0	5
153	MOLP022	166595	176767	454	4	5	2001	2005	5	1	1	1	1	5	1	0	5
154	MOLP023	166621	176753	454	4	5	2001	2005	5	1	1	1	1	5	1	0	5
155	MOLP024	166641	176739	454	4	5	2001	2005	5	1	1	1	1	5	1	0	5
156	MOLP025	166664	176724	454	4	5	2001	2005	5	1	1	1	1	5	1	0	5
157	MOSP001	210617	207077	630	1	9	2006	2014	9	1	1	1	1	3	1	0	3
158	MOSP003	210894	207017	630	1	9	2006	2014	9	1	1	1	1	3	1	0	3
159	MOSP004	210870	207068	630	1	9	2006	2014	9	1	1	1	1	3	1	0	3
160	MSBP001	194922	187284	54	2	NA	NA	0	0	1	1	1	1	9	1	0	9
161	MSBP002	194917	187270	54	2	NA	NA	0	0	1	1	1	1	9	1	0	9
162	MSBP003	194861	187151	54	2	NA	NA	0	0	1	1	1	1	9	1	0	9
163	MSBP006	194955	187335	54	2	NA	NA	0	0	1	1	1	1	9	1	0	9
164	MSBP007	194938	187299	54	2	NA	NA	0	0	1	1	1	1	9	1	0	9
165	MSBP008	194883	187199	54	2	NA	NA	0	0	1	1	1	1	9	1	0	9
166	MSBP009	194851	187121	54	2	NA	NA	0	0	1	1	1	1	9	1	0	9
167	MSBP010	195271	186803	54	3	NA	NA	0	0	1	1	1	1	21	1	0	21
168	MSBP013	195275	186651	54	2	NA	NA	0	0	1	1	1	1	9	1	0	9
169	MSBP014	195268	186601	54	2	NA	NA	0	0	1	1	1	1	9	1	0	9
170	NEIP001	128122	167393	57	4	NA	NA	0	0	1	1	1	1	2	1	0	2
171	NEIP002	128078	167410	57	4	NA	NA	0	0	1	1	1	1	2	1	0	2
172	NODP004	28636	200385	177	5	5	2002	2006	5	1	1	1	1	8	1	0	8
173	NODP006	27875	200717	177	5	5	2002	2006	5	1	1	1	1	8	1	0	8
174	NUCP001	120026	166333	217	3	NA	NA	0	0	1	1	1	1	8	1	0	8
175	NUCP004	119819	165933	217	3	NA	NA	0	0	1	1	1	1	8	1	0	8
176	NUCP005	120097	165667	217	3	NA	NA	0	0	1	1	1	1	8	1	0	8
177	ORCP002	139863	196974	745	3	NA	NA	0	0	2	1	1	1	22	2	0	22
178	ORCP003	139866	197010	745	3	NA	NA	0	0	2	1	1	1	22	2	0	22
179	ORCP011	139864	196932	745	3	NA	NA	0	0	2	1	1	1	22	2	0	22
180	ORCP012	139863	196973	745	3	NA	NA	0	0	2	1	1	1	22	2	0	22
181	ORCP013	139861	197002	745	3	NA	NA	0	0	2	1	1	1	22	2	0	22
182	OSKP026	51964	210700	113	5	7	2003	2009	5	1	1	1	1	2	1	0	2
183	OSKP038	54530	210938	113	5	7	2003	2009	5	1	1	1	1	2	1	0	2
184	OUSP001	138780	199540	745	3	NA	NA	0	0	2	1	1	1	22	2	0	22
185	PARP001	109868	163433	985	4	NA	NA	0	0	1	1	1	1	7	1	0	7
186	PARP002	109810	163492	985	4	NA	NA	0	0	1	1	1	1	7	1	0	7
187	PARP003	109730	163542	985	4	NA	NA	0	0	1	1	1	1	7	1	0	7
188	PARP004	109688	163551	985	4	NA	NA	0	0	1	1	1	1	7	1	0	7
189	PJEP005	56765	212264	1	5	NA	NA	0	0	1	1	1	1	13	1	0	13
190	PJEP006	56357	212476	1	5	NA	NA	0	0	1	1	1	1	13	1	0	13
191	RASP001	120085	162768	217	4	NA	NA	0	0	1	1	1	1	4	1	0	4
192	RASP002	120111	162861	217	4	NA	NA	0	0	1	1	1	1	4	1	0	4
193	RASP003	120002	163028	217	4	NA	NA	0	0	1	1	1	1	4	1	0	4
194	ROCP001	192515	196189	822	3	NA	NA	0	0	1	1	1	1	14	1	0	14
195	ROCP002	192495	196279	822	3	NA	NA	0	0	1	1	1	1	14	1	0	14
196	ROCP004	192569	196343	822	1	NA	NA	0	0	1	1	1	1	17	1	0	17
197	ROCP005	192562	196406	822	1	NA	NA	0	0	1	1	1	1	17	1	0	17
198	ROCP006	192560	196450	822	1	NA	NA	0	0	1	1	1	1	17	1	0	17
199	ROCP008	191942	197374	822	1	NA	NA	0	0	1	1	1	1	17	1	0	17
200	ROCP011	191779	197287	822	3	NA	NA	0	0	1	1	1	1	14	1	0	14
201	RODP002	167156	162286	262	2	NA	NA	0	0	1	1	1	1	9	1	0	9
202	RODP004	167301	162414	262	2	NA	NA	0	0	1	1	1	1	9	1	0	9
203	RODP005	167408	162470	262	3	NA	NA	0	0	1	1	1	1	33	1	0	33
204	RODP042	167156	162287	262	2	NA	NA	0	0	1	1	1	1	9	1	0	9
205	RODP055	167199	162280	262	3	NA	NA	0	0	1	1	1	1	33	1	0	33
206	RODP056	167200	162279	262	3	NA	NA	0	0	1	1	1	1	33	1	0	33
207	ROTP003	200403	185618	166	2	NA	NA	0	0	1	1	1	1	18	1	0	18
208	SANP006	216032	191815	694	1	NA	NA	0	0	1	1	1	1	4	1	0	4
209	SAUP003	140571	201273	745	3	NA	NA	0	0	2	1	1	1	22	2	0	22
210	SAUP004	140579	201399	745	3	NA	NA	0	0	2	1	1	1	22	2	0	22
211	SAUP005	142007	201371	745	3	NA	NA	0	0	2	1	1	1	22	2	0	22
212	SAUP006	142013	201247	745	3	NA	NA	0	0	2	1	1	1	22	2	0	22
213	SAUP008	141345	201073	745	3	NA	NA	0	0	2	1	1	1	22	2	0	22
214	SAUP009	141295	201308	745	3	NA	NA	0	0	2	1	1	1	22	2	0	22
215	SBBP002	109983	170962	89	4	NA	NA	0	0	1	1	1	1	5	1	0	5
216	SBEP001	38116	205439	817	5	12	2001	2012	12	1	1	1	1	3	1	0	1
217	SCPP021	204705	204248	886	3	7	2008	2014	7	1	1	1	1	13	1	0	8
218	SCPP024	206720	204096	886	3	7	2006	2012	7	1	1	1	1	13	1	0	1
219	SCPP025	206960	204244	886	2	6	2006	2011	6	1	1	1	1	3	1	0	1
220	SCPP027	205749	204186	886	1	6	2007	2012	5	1	1	1	1	3	1	0	1
221	SCPP033	205281	204334	886	3	7	2008	2014	7	1	1	1	1	13	1	0	8
222	SCPP034	205513	204333	886	2	7	2008	2014	7	1	1	1	1	3	1	0	2
223	SCPP035	205616	204216	886	3	7	2008	2014	7	1	1	1	1	13	1	0	8
224	SCPP036	205976	204000	886	3	7	2008	2014	7	1	1	1	1	13	1	0	8
225	SCPP039	206669	204706	886	3	7	2008	2014	7	1	1	1	1	13	1	0	8
226	SCPP040	206707	204679	886	3	7	2008	2014	7	1	1	1	1	13	1	0	8
227	SCPP042	205315	204593	886	3	7	2008	2014	7	1	1	1	1	13	1	0	8
228	SCPP043	207040	205023	886	2	7	2008	2014	7	1	1	1	1	3	1	0	2
229	SCPP045	206476	204589	886	1	7	2008	2014	7	1	1	1	1	3	1	0	1
230	SCPP047	206640	204635	886	3	7	2008	2014	6	1	1	1	1	13	1	0	1
231	SCPP050	207566	205767	886	3	7	2008	2014	7	1	1	1	1	13	1	0	8
232	SHHP032	226069	192196	722	3	9	2008	2016	7	1	1	1	1	4	1	0	1
233	SNOP022	183102	169452	390	4	NA	NA	0	0	1	1	1	1	8	1	0	8
234	SNOP025	183238	169448	390	4	NA	NA	0	0	1	1	1	1	8	1	0	8
235	SNOP028	183331	169488	390	4	NA	NA	0	0	1	1	1	1	8	1	0	8
236	SNOP029	183348	169465	390	4	NA	NA	0	0	1	1	1	1	8	1	0	8
237	SNOP031	183313	169446	390	4	NA	NA	0	0	1	1	1	1	8	1	0	8
238	SNOP032	183056	169524	390	4	NA	NA	0	0	1	1	1	1	8	1	0	8
239	SNOP033	183103	169551	390	4	NA	NA	0	0	1	1	1	1	8	1	0	8
240	SNOP129	183331	169489	390	4	NA	NA	0	0	1	1	1	1	8	1	0	8
241	STAP050	242727	208039	146	1	8	2009	2016	8	1	1	1	1	2	1	0	1
242	SWEP004	57388	213820	1	5	NA	NA	0	0	1	1	1	1	13	1	0	13
243	TEUP019	222593	189365	722	3	5	2010	2014	5	1	1	1	1	4	1	0	1
244	TEUP026	224931	188926	722	3	9	2008	2016	9	1	1	1	1	4	1	0	1
245	TEUP043	223696	188700	722	1	10	2007	2016	10	1	1	1	1	4	1	0	1
246	TEUP044	223773	188744	722	1	9	2008	2016	9	1	1	1	1	4	1	0	2
247	TEUP045	225036	188792	722	3	7	2008	2014	7	1	1	1	1	4	1	0	1
248	TEUP046	225067	188690	722	1	9	2008	2016	7	1	1	1	1	4	1	0	1
249	TEUP047	225211	188652	722	1	9	2008	2016	9	1	1	1	1	4	1	0	2
250	TIEP013	188220	218314	1014	1	NA	NA	0	0	1	1	1	1	3	1	0	3
251	TIEP026	189050	217720	1014	1	NA	NA	0	0	1	1	1	1	3	1	0	3
252	TIEP028	187768	217760	1014	1	NA	NA	0	0	1	1	1	1	3	1	0	3
253	TLAP001	213998	188072	694	1	NA	NA	0	0	1	1	1	1	4	1	0	4
254	TLAP002	214024	187912	694	1	NA	NA	0	0	1	1	1	1	4	1	0	4
255	TLAP003	214025	187912	694	1	NA	NA	0	0	1	1	1	1	4	1	0	4
256	TLAP004	214019	187879	694	3	NA	NA	0	0	1	1	1	1	4	1	0	4
257	TRIP001	108233	161429	985	4	NA	NA	0	0	1	1	1	1	7	1	0	7
258	TRIP002	108251	161454	985	4	NA	NA	0	0	1	1	1	1	7	1	0	7
259	TVGP043	189364	226376	46	5	NA	NA	0	0	1	1	1	1	3	1	0	3
260	TYDP004	33126	203530	817	4	9	2004	2012	7	1	1	1	1	13	1	0	4
261	TYDP012	33155	203402	817	4	9	2004	2012	8	1	1	1	1	13	1	0	1
262	TYDP031	33253	203328	817	5	9	2004	2012	8	1	1	1	1	3	1	0	1
263	TYDP050	32403	204128	817	5	12	2001	2012	10	1	1	1	1	3	1	0	1
264	TYDP055	32743	203672	817	4	12	2001	2012	10	1	1	1	1	13	1	0	3
265	TYDP057	32283	204089	817	4	12	2001	2012	10	1	1	1	1	13	1	0	3
266	TYDP058	32486	203672	817	4	12	2001	2012	10	1	1	1	1	13	1	0	3
267	TYDP059	32669	203788	817	4	10	2001	2010	9	1	1	1	1	13	1	0	2
268	TYDP071	33667	203943	817	4	6	2003	2008	6	1	1	1	1	13	1	0	1
269	TYDP072	33571	203880	817	4	10	2001	2010	9	1	1	1	1	13	1	0	2
270	TYDP203	33046	203477	817	4	8	2005	2012	6	1	1	1	1	13	1	0	2
271	TYDP204	33222	203448	817	4	8	2005	2012	7	1	1	1	1	13	1	0	4
272	TYDP206	33673	203910	817	4	8	2005	2012	7	1	1	1	1	13	1	0	4
273	TYDP207	33614	203986	817	4	8	2005	2012	7	1	1	1	1	13	1	0	4
274	TYDP211	32561	203740	817	4	7	2006	2012	6	1	1	1	1	13	1	0	2
275	UKPP010	62897	219857	437	5	NA	NA	0	0	1	1	1	1	4	1	0	4
276	UKPP018	62808	222365	437	5	NA	NA	0	0	1	1	1	1	4	1	0	4
277	UKPP022	62810	221027	437	5	NA	NA	0	0	1	1	1	1	4	1	0	4
278	UKPP024	64131	220125	693	5	NA	NA	0	0	1	1	1	1	8	1	0	8
279	UKPP026	64020	221053	693	3	NA	NA	0	0	1	1	1	1	18	1	0	18
280	UKPP027	63740	220993	693	5	NA	NA	0	0	1	1	1	1	8	1	0	8
281	UKPP029	64241	219799	693	3	NA	NA	0	0	1	1	1	1	18	1	0	18
282	UKPP030	63295	219347	693	5	NA	NA	0	0	1	1	1	1	8	1	0	8
283	UKPP032	63399	220470	693	5	NA	NA	0	0	1	1	1	1	8	1	0	8
284	UKPP033	63326	220765	693	5	NA	NA	0	0	1	1	1	1	8	1	0	8
285	UKPP034	63040	221589	693	5	NA	NA	0	0	1	1	1	1	8	1	0	8
286	UKPP039	63031	220174	693	5	NA	NA	0	0	1	1	1	1	8	1	0	8
287	UKPP041	62079	221594	437	5	NA	NA	0	0	1	1	1	1	4	1	0	4
288	VDBP004	198401	189278	54	3	NA	NA	0	0	1	1	1	1	21	1	0	21
289	VDBP006	197919	190065	54	3	NA	NA	0	0	1	1	1	1	21	1	0	21
290	VDBP009	203293	191869	438	3	NA	NA	0	0	1	1	1	1	17	1	0	17
291	VDBP010	203247	191935	438	3	NA	NA	0	0	1	1	1	1	17	1	0	17
292	VDBP011	203554	192681	438	3	NA	NA	0	0	1	1	1	1	17	1	0	17
293	VDBP018	202838	192210	438	3	NA	NA	0	0	1	1	1	1	17	1	0	17
294	VDBP019	202833	192220	438	3	NA	NA	0	0	1	1	1	1	17	1	0	17
295	VDBP023	202886	192471	438	2	NA	NA	0	0	1	1	1	1	8	1	0	8
296	VDBP024	202735	192560	438	2	NA	NA	0	0	1	1	1	1	8	1	0	8
297	VDBP025	202703	192573	438	2	NA	NA	0	0	1	1	1	1	8	1	0	8
298	VDBP026	202693	192575	438	2	NA	NA	0	0	1	1	1	1	8	1	0	8
299	VDBP027	202679	192578	438	2	NA	NA	0	0	1	1	1	1	8	1	0	8
300	VDBP028	202523	192645	438	3	NA	NA	0	0	1	1	1	1	17	1	0	17
301	VDBP029	202514	192646	438	3	NA	NA	0	0	1	1	1	1	17	1	0	17
302	VDBP034	202187	191485	54	3	NA	NA	0	0	1	1	1	1	21	1	0	21
303	VDBP060	197708	189509	54	3	NA	NA	0	0	1	1	1	1	21	1	0	21
304	VDBP061	197714	189500	54	3	NA	NA	0	0	1	1	1	1	21	1	0	21
305	VDBP062	197720	189487	54	3	NA	NA	0	0	1	1	1	1	21	1	0	21
306	VDBP063	197727	189480	54	3	NA	NA	0	0	1	1	1	1	21	1	0	21
307	VDBP064	197749	189457	54	3	NA	NA	0	0	1	1	1	1	21	1	0	21
308	VDBP065	197795	189310	54	3	NA	NA	0	0	1	1	1	1	21	1	0	21
309	VDBP066	197802	189303	54	3	NA	NA	0	0	1	1	1	1	21	1	0	21
310	VDBP503	202669	192582	438	2	NA	NA	0	0	1	1	1	1	8	1	0	8
311	VDBP505	202867	192277	438	3	NA	NA	0	0	1	1	1	1	17	1	0	17
312	VDBP506	202732	191923	438	3	NA	NA	0	0	1	1	1	1	17	1	0	17
313	VDBP507	202452	193007	438	2	NA	NA	0	0	1	1	1	1	8	1	0	8
314	VDBP513	202202	191476	54	3	NA	NA	0	0	1	1	1	1	21	1	0	21
315	VDBP514	202304	191370	438	2	NA	NA	0	0	1	1	1	1	8	1	0	8
316	VDBP530	197658	189602	54	3	NA	NA	0	0	1	1	1	1	21	1	0	21
317	VDBP531	197880	189431	54	3	NA	NA	0	0	1	1	1	1	21	1	0	21
318	VDBP533	197694	189541	54	3	NA	NA	0	0	1	1	1	1	21	1	0	21
319	VDBP534	197776	189450	54	3	NA	NA	0	0	1	1	1	1	21	1	0	21
320	VENP005	208256	206362	886	1	5	2012	2016	5	1	1	1	1	3	1	0	1
321	VENP006	208317	206290	886	3	5	2012	2016	5	1	1	1	1	13	1	0	3
322	VENP009	208455	206286	886	3	5	2012	2016	5	1	1	1	1	13	1	0	3
323	VENP010	208440	206098	886	3	5	2012	2016	5	1	1	1	1	13	1	0	3
324	VIEP104	192297	188970	310	2	NA	NA	0	0	1	1	1	1	8	1	0	8
325	VIEP105	192266	188817	310	2	NA	NA	0	0	1	1	1	1	8	1	0	8
326	VIEP106	192282	188686	310	2	NA	NA	0	0	1	1	1	1	8	1	0	8
327	VIEP107	192278	188526	310	2	NA	NA	0	0	1	1	1	1	8	1	0	8
328	VIEP117	192297	188970	310	2	NA	NA	0	0	1	1	1	1	8	1	0	8
329	VIEP118	192266	188817	310	2	NA	NA	0	0	1	1	1	1	8	1	0	8
330	VIEP173	192713	188703	310	2	NA	NA	0	0	1	1	1	1	8	1	0	8
331	VIEP174	192711	188697	310	2	NA	NA	0	0	1	1	1	1	8	1	0	8
332	VINP044	203993	170797	486	2	NA	NA	0	0	1	1	1	1	4	1	0	4
333	VINP084	203095	170251	486	2	NA	NA	0	0	1	1	1	1	4	1	0	4
334	VISP002	181212	217908	470	1	NA	NA	0	0	1	1	1	1	17	1	0	17
335	VISP015	180942	217539	470	1	NA	NA	0	0	1	1	1	1	17	1	0	17
336	VISP017	181257	217859	470	1	NA	NA	0	0	1	1	1	1	17	1	0	17
337	VISP126	179786	215239	470	1	NA	NA	0	0	1	1	1	1	17	1	0	17
338	VISP127	179858	215225	470	1	NA	NA	0	0	1	1	1	1	17	1	0	17
339	VISP129	179658	215050	470	1	NA	NA	0	0	1	1	1	1	17	1	0	17
340	VISP130	179682	214953	470	1	NA	NA	0	0	1	1	1	1	17	1	0	17
341	VISP131	179734	214940	470	1	NA	NA	0	0	1	1	1	1	17	1	0	17
342	VISP133	179988	214348	470	1	NA	NA	0	0	1	1	1	1	17	1	0	17
343	VISP134	179670	214348	470	1	NA	NA	0	0	1	1	1	1	17	1	0	17
344	VISP135	179806	214291	470	1	NA	NA	0	0	1	1	1	1	17	1	0	17
345	VISP139	179683	214373	470	1	NA	NA	0	0	1	1	1	1	17	1	0	17
346	VISP162	179988	214347	470	1	NA	NA	0	0	1	1	1	1	17	1	0	17
347	VISP164	179682	214373	470	1	NA	NA	0	0	1	1	1	1	17	1	0	17
348	VISP165	179671	214348	470	1	NA	NA	0	0	1	1	1	1	17	1	0	17
349	VISP167	179683	214954	470	1	NA	NA	0	0	1	1	1	1	17	1	0	17
350	VISP168	179733	214939	470	1	NA	NA	0	0	1	1	1	1	17	1	0	17
351	VOTP003	179848	184688	134	1	6	2007	2012	6	1	1	1	1	4	1	0	1
352	VOTP020	180097	184819	134	1	9	2007	2015	9	1	1	1	1	4	1	0	2
353	VOTP055	179763	184526	134	1	9	2007	2015	9	1	1	1	1	4	1	0	2
354	VRIP009	166718	212654	918	1	NA	NA	0	0	1	1	1	1	4	1	0	4
355	VRIP011	166854	212640	918	1	NA	NA	0	0	1	1	1	1	4	1	0	4
356	VRIP013	166733	212477	918	1	NA	NA	0	0	1	1	1	1	4	1	0	4
357	VRIP039	166653	213046	918	1	NA	NA	0	0	1	1	1	1	4	1	0	4
358	WAHP711	144524	214863	41	2	NA	NA	0	0	1	1	1	1	2	1	0	2
359	WAHP712	144656	214876	41	2	NA	NA	0	0	1	1	1	1	2	1	0	2
360	WALP041	184838	179526	134	1	6	2006	2011	6	1	1	1	1	4	1	0	1
361	WEBP002	199612	185161	166	2	NA	NA	0	0	1	1	1	1	18	1	0	18
362	WEBP004	199637	185212	166	2	NA	NA	0	0	1	1	1	1	18	1	0	18
363	WEBP005	199821	185265	166	2	NA	NA	0	0	1	1	1	1	18	1	0	18
364	WEBP015	199889	184913	166	2	NA	NA	0	0	1	1	1	1	18	1	0	18
365	WEBP036	200108	184654	166	2	NA	NA	0	0	1	1	1	1	18	1	0	18
366	WEBP048	199637	184675	166	2	NA	NA	0	0	1	1	1	1	18	1	0	18
367	WEBP051	199872	184441	166	2	NA	NA	0	0	1	1	1	1	18	1	0	18
368	WEBP056	200010	184339	166	2	NA	NA	0	0	1	1	1	1	18	1	0	18
369	WEBP062	200217	184250	166	2	NA	NA	0	0	1	1	1	1	18	1	0	18
370	WEBP072	200157	184501	166	2	NA	NA	0	0	1	1	1	1	18	1	0	18
371	WEBP075	199711	184764	166	2	NA	NA	0	0	1	1	1	1	18	1	0	18
372	WEBP078	199703	184919	166	2	NA	NA	0	0	1	1	1	1	18	1	0	18
373	WEBP084	199898	184642	166	2	NA	NA	0	0	1	1	1	1	18	1	0	18
374	WEBP086	199793	184650	166	2	NA	NA	0	0	1	1	1	1	18	1	0	18
375	WEBP202	199709	184801	166	2	NA	NA	0	0	1	1	1	1	18	1	0	18
376	WEBP205	199465	185319	166	2	NA	NA	0	0	1	1	1	1	18	1	0	18
377	WEBP210	199320	186194	54	3	NA	NA	0	0	1	1	1	1	21	1	0	21
378	WELP018	128284	176954	1017	3	NA	NA	0	0	1	1	1	1	3	1	0	3
379	WELP020	128401	177063	1017	3	NA	NA	0	0	1	1	1	1	3	1	0	3
380	WELP022	128519	176887	1017	3	NA	NA	0	0	1	1	1	1	3	1	0	3
381	WERP001	193281	194778	822	1	NA	NA	0	0	1	1	1	1	17	1	0	17
382	WERP002	193300	194752	822	1	NA	NA	0	0	1	1	1	1	17	1	0	17
383	WERP003	193271	194588	822	1	NA	NA	0	0	1	1	1	1	17	1	0	17
384	WERP004	193302	194696	822	1	NA	NA	0	0	1	1	1	1	17	1	0	17
385	WERP005	193360	194613	822	3	NA	NA	0	0	1	1	1	1	14	1	0	14
386	WERP007	193544	194610	822	3	NA	NA	0	0	1	1	1	1	14	1	0	14
387	WERP009	193488	194562	822	1	NA	NA	0	0	1	1	1	1	17	1	0	17
388	WERP011	193419	194740	822	1	NA	NA	0	0	1	1	1	1	17	1	0	17
389	WERP012	192332	194448	822	1	NA	NA	0	0	1	1	1	1	17	1	0	17
390	WESP002	23337	199132	177	4	10	2002	2011	10	1	1	1	1	20	1	0	2
391	WESP003	23288	198961	177	4	12	2001	2012	12	1	1	1	1	20	1	0	11
392	WESP005	23086	198942	177	4	12	2001	2012	12	1	1	1	1	20	1	0	11
393	WESP007	23034	198650	177	4	10	2003	2012	10	1	1	1	1	20	1	0	1
394	WESP008	22617	198715	177	4	12	2001	2012	12	1	1	1	1	20	1	0	11
395	WESP014	22737	199289	177	4	12	2001	2012	12	1	1	1	1	20	1	0	11
396	WESP018	23813	199363	177	4	12	2001	2012	11	1	1	1	1	20	1	0	3
397	WESP031	23984	198297	177	4	11	2001	2011	10	1	1	1	1	20	1	0	2
398	WESP050	23967	198392	177	4	12	2001	2012	12	1	1	1	1	20	1	0	11
399	WESP057	23258	199248	177	4	12	2001	2012	12	1	1	1	1	20	1	0	11
400	WESP073	23786	199218	177	4	12	2001	2012	12	1	1	1	1	20	1	0	11
401	WESP074	23953	199593	177	4	12	2001	2012	12	1	1	1	1	20	1	0	11
402	WESP076	24198	199292	177	4	12	2001	2012	12	1	1	1	1	20	1	0	11
403	WESP080	24394	199119	177	4	12	2001	2012	12	1	1	1	1	20	1	0	11
404	WESP093	22509	198809	177	4	11	2001	2011	11	1	1	1	1	20	1	0	1
405	WESP097	23408	198956	177	4	11	2002	2012	11	1	1	1	1	20	1	0	3
406	WESP111	23304	198193	177	4	11	2002	2012	11	1	1	1	1	20	1	0	3
407	WESP119	23171	198331	177	4	12	2001	2012	12	1	1	1	1	20	1	0	11
408	WESP134	22885	198920	177	4	10	2003	2012	9	1	1	1	1	20	1	0	1
409	WESP302	23338	199132	177	4	9	2003	2011	9	1	1	1	1	20	1	0	1
410	ZABP003	191644	198520	822	3	NA	NA	0	0	1	1	1	1	14	1	0	14
411	ZABP004	191712	198448	822	3	NA	NA	0	0	1	1	1	1	14	1	0	14
412	ZABP005	191734	198418	822	3	NA	NA	0	0	1	1	1	1	14	1	0	14
413	ZABP009	191219	198264	822	3	NA	NA	0	0	1	1	1	1	14	1	0	14
414	ZABP013	191535	198711	822	3	NA	NA	0	0	1	1	1	1	14	1	0	14
415	ZABP014	191421	198803	822	3	NA	NA	0	0	1	1	1	1	14	1	0	14
416	ZABP022	193188	199206	822	1	NA	NA	0	0	1	1	1	1	17	1	0	17
417	ZABP023	193145	199376	822	3	NA	NA	0	0	1	1	1	1	14	1	0	14
418	ZABP028	191108	198490	822	1	NA	NA	0	0	1	1	1	1	17	1	0	17
419	ZABP029	191090	198521	822	1	NA	NA	0	0	1	1	1	1	17	1	0	17
420	ZABP030	191063	198584	822	1	NA	NA	0	0	1	1	1	1	17	1	0	17
421	ZEBP001	68884	222381	693	3	NA	NA	0	0	1	1	1	1	18	1	0	18
422	ZEBP003	69183	221033	693	3	NA	NA	0	0	1	1	1	1	18	1	0	18
423	ZEBP005	69921	220751	693	3	NA	NA	0	0	1	1	1	1	18	1	0	18
424	ZEBP007	69602	220278	693	3	NA	NA	0	0	1	1	1	1	18	1	0	18
425	ZEBP009	69111	219114	693	2	NA	NA	0	0	1	1	1	1	2	1	0	2
426	ZEBP012	69544	221380	693	3	NA	NA	0	0	1	1	1	1	18	1	0	18
427	ZEBP013	69544	221381	693	3	NA	NA	0	0	1	1	1	1	18	1	0	18
428	ZEBP015	69182	221031	693	3	NA	NA	0	0	1	1	1	1	18	1	0	18
429	ZEBP017	69921	220750	693	3	NA	NA	0	0	1	1	1	1	18	1	0	18
430	ZEBP019	69725	220669	693	3	NA	NA	0	0	1	1	1	1	18	1	0	18
431	ZEBP020	69725	220669	693	3	NA	NA	0	0	1	1	1	1	18	1	0	18
432	ZEBP022	69246	220121	693	3	NA	NA	0	0	1	1	1	1	18	1	0	18
433	ZEBP023	69246	220122	693	3	NA	NA	0	0	1	1	1	1	18	1	0	18
434	ZEBP025	69823	220300	693	3	NA	NA	0	0	1	1	1	1	18	1	0	18
435	ZEBP026	69823	220300	693	3	NA	NA	0	0	1	1	1	1	18	1	0	18
436	ZEBP045	69280	220151	693	3	NA	NA	0	0	1	1	1	1	18	1	0	18
437	ZEBP046	69422	220210	693	3	NA	NA	0	0	1	1	1	1	18	1	0	18
438	ZEBP107	65882	224517	693	2	NA	NA	0	0	1	1	1	1	2	1	0	2
439	ZIEP003	238289	181160	1010	1	11	2006	2016	10	1	1	1	1	3	1	0	2
440	ZWAP141	216785	198435	950	1	10	2007	2016	10	2	1	1	1	6	2	0	3
441	ZWAP165	216814	198362	950	1	10	2007	2016	10	2	1	1	1	6	2	0	3
442	ZWAP196	214282	197080	950	1	10	2007	2016	10	2	1	1	1	6	2	0	3
443	ZWAP200	217985	197987	950	1	12	2005	2016	12	2	1	1	1	6	2	0	1
444	ZWAP202	220114	197295	210	3	12	2004	2015	11	1	1	1	1	2	1	0	1
445	ZWAP208	218005	198226	950	1	13	2004	2016	13	2	1	1	1	6	2	0	1
446	ZWAP216	218514	198727	950	1	12	2004	2015	11	2	1	1	1	6	2	0	1
447	ZWAP228	217381	197149	950	3	8	2009	2016	8	1	1	1	1	2	1	0	1
448	ZWAP229	220479	196611	210	3	10	2007	2016	10	1	1	1	1	2	1	0	1
449	ZWAP234	217054	198920	950	3	5	2008	2012	5	1	1	1	1	2	1	0	1
450	ZWAP300	213086	204149	630	3	NA	NA	0	0	1	1	1	1	8	1	0	8
451	ZWAP301	213467	203688	630	3	NA	NA	0	0	1	1	1	1	8	1	0	8
452	ZWAP302	213465	203911	630	3	NA	NA	0	0	1	1	1	1	8	1	0	8
453	ZWAP303	213435	204022	630	3	NA	NA	0	0	1	1	1	1	8	1	0	8
454	ZWAP305	214503	203705	630	3	NA	NA	0	0	1	1	1	1	8	1	0	8
455	ZWAP306	215123	203590	630	3	NA	NA	0	0	1	1	1	1	8	1	0	8
456	ZWAP307	215592	203278	630	3	NA	NA	0	0	1	1	1	1	8	1	0	8
457	ZWAP308	215833	205216	630	3	NA	NA	0	0	1	1	1	1	8	1	0	8
458	ZWAP312	206556	189180	438	3	NA	NA	0	0	1	1	1	1	17	1	0	17
459	ZWAP314	206573	189182	438	3	NA	NA	0	0	1	1	1	1	17	1	0	17
460	ZWAP315	206579	189184	438	3	NA	NA	0	0	1	1	1	1	17	1	0	17
461	ZWAP316	206585	189185	438	3	NA	NA	0	0	1	1	1	1	17	1	0	17
462	ZWAP317	206596	189187	438	3	NA	NA	0	0	1	1	1	1	17	1	0	17
463	ZWAP332	208201	190059	438	3	NA	NA	0	0	1	1	1	1	17	1	0	17
464	ZWAP335	208176	190160	438	3	NA	NA	0	0	1	1	1	1	17	1	0	17
465	ZWAP337	208142	190258	438	3	NA	NA	0	0	1	1	1	1	17	1	0	17
466	ZWBP013	107282	173439	89	4	NA	NA	0	0	1	1	1	1	5	1	0	5
467	ZWBP014	107312	173473	89	4	NA	NA	0	0	1	1	1	1	5	1	0	5
468	ZWBP017	107421	173519	89	4	NA	NA	0	0	1	1	1	1	5	1	0	5
469	ZWIP007	77881	227284	309	5	10	2004	2013	10	1	1	1	1	6	1	0	1
470	ZWIP014	78202	228291	309	5	9	2004	2012	9	1	1	1	1	6	1	0	1
471	ZWIP033	77640	228329	309	5	11	2005	2015	11	1	1	1	1	6	1	0	2
472	ZWIP036	78175	228584	309	5	11	2005	2015	10	1	1	1	1	6	1	0	2
473	ZWIP041	77028	227941	309	5	11	2005	2015	10	1	1	1	1	6	1	0	2
474	ZWIP042	79233	228121	309	5	11	2005	2015	11	1	1	1	1	6	1	0	2
475	ZWIP104	75551	226763	53	5	NA	NA	0	0	1	1	1	1	2	1	0	2
476	ZWIP108	75653	226501	53	5	NA	NA	0	0	1	1	1	1	2	1	0	2
477	ZWIP204	79694	228868	565	1	NA	NA	0	0	1	1	1	1	7	1	0	7
478	ZWIP209	79771	228690	565	1	NA	NA	0	0	1	1	1	1	7	1	0	7
479	ZWIP210	80185	228761	565	1	NA	NA	0	0	1	1	1	1	7	1	0	7
480	ZWIP213	79544	228488	565	1	NA	NA	0	0	1	1	1	1	7	1	0	7
481	ZWIP217	79750	228352	565	1	NA	NA	0	0	1	1	1	1	7	1	0	7
482	ZWIP218	80145	228399	565	1	NA	NA	0	0	1	1	1	1	7	1	0	7
483	ZWIP220	79710	228136	565	1	NA	NA	0	0	1	1	1	1	7	1	0	7
