jaar,gem_jaar,og_jaar_trend,bg_jaar_trend,aantal dagen onder kritisch minimum,og_jaar_indicator,bg_jaar_indicator,tijdvenster
1985,36.25670682725753,25.913550915618405,50.72823845092603,3.4473684210526314,0.38169064142583053,6.513046200679432,0
1986,37.07789494433712,28.704208867765637,47.89438022265594,15.461206896551724,10.306776095069498,20.61563769803395,0
1987,37.8763117803187,31.270987815431315,45.87686844263899,0.4689655172413793,-0.5009869227369581,1.4389179572197168,0
1988,38.55289640566054,33.01714650953831,45.01678607617438,0.8413793103448276,-0.4586263434737875,2.141384964163443,0
1989,38.99283382036503,33.665767801399554,45.162822315889514,70.84310344827587,59.672029137764135,82.01417775878761,0
1990,39.05965093249392,33.70585509324286,45.26383700243604,73.75172413793103,62.29197946683035,85.21146880903171,0
1991,38.77963752340592,33.64329888070859,44.70014346033947,36.081896551724135,26.124210663966302,46.03958243948197,0
1992,38.30862669173473,33.550742761851964,43.74123367174252,7.508620689655173,3.5211494141266857,11.496091965183659,0
1993,37.78120879611026,33.38517093172482,42.75610093518647,23.708620689655174,17.018850843019536,30.398390536290812,0
1994,37.25776934301731,33.13528451907798,41.89314794077727,20.338793103448275,14.868492928821517,25.809093278075032,0
1995,36.73654529430179,32.79380665221942,41.15331210166022,41.18362068965517,34.126475801090066,48.24076557822028,0
1996,36.190650491851855,32.27908596820722,40.576216572966395,64.75431034482759,54.07768919027188,75.43093149938329,0
1997,35.632240709983655,31.47576277265783,40.33759522158852,36.88189655172414,26.099687502585507,47.66410560086277,0
1998,35.18763121494199,30.591115980707052,40.47480292316364,12.60948275862069,6.9083717467222385,18.31059377051914,0
1999,34.97447638603796,30.033737704140496,40.727997644758446,18.25862068965517,12.737334698343785,23.779906680966555,0
2000,35.035939691599715,30.005564526761216,40.90964757482301,3.1318965517241377,1.324205822179362,4.9395872812689134,0
2001,35.38003651508397,30.53226405835593,40.997515985589104,11.449137931034484,7.517714285888848,15.380561576180119,0
2002,35.97140513006433,31.44736518286183,41.14627662785531,1.775,0.29145053310125557,3.258549466898744,0
2003,36.72570146581558,32.44674872438348,41.56894607879812,68.96982758620689,60.414441548683,77.52521362373078,0
2004,37.512191525669486,33.27654757578946,42.28697432789874,27.90948275862069,16.27740611431713,39.54155940292425,0
2005,38.34075761401102,34.04451726803731,43.17916106263801,58.449137931034485,46.52559753836201,70.37267832370696,0
2006,39.17453008933043,34.796543289371755,44.10334081053955,44.18448275862069,36.67049482186378,51.6984706953776,0
2007,40.04534380891305,35.59500053135958,45.05210104888848,10.776724137931035,4.115800598755159,17.43764767710691,0
2008,41.0107152346425,36.4796680362854,46.10455233265872,9.73103448275862,3.7709914904402,15.69107747507704,0
2009,42.06856049684718,37.42746001093346,47.285169278382774,72.73448275862069,62.860245425802894,82.60872009143847,0
2010,43.15760052102389,38.290391331963704,48.64349561184702,51.932758620689654,45.46102929935524,58.40448794202407,0
2011,44.34104692635137,39.0307699389573,50.373806245683774,49.28362068965517,38.217374464002376,60.34986691530797,0
2012,45.74092164802953,39.845695701658,52.50835445004208,17.896551724137932,12.559890025724055,23.23321342255181,0
2013,47.513388238024376,41.149073761187914,54.86203832822459,34.689655172413794,27.954368884005543,41.42494146082205,0
2014,49.75540353540872,43.17902340924712,57.33339907917401,14.75344827586207,9.827038309358915,19.679858242365224,0
2015,52.553714388208654,45.946655093515744,60.11085878560903,54.86724137931034,46.911008092704456,62.82347466591623,0
2016,55.903557596217574,48.85257972970578,63.97221537132608,7.547413793103448,3.7884895647938133,11.306338021413083,0
2017,59.820401475064685,51.07547528467442,70.06259682739888,62.612931034482756,51.25847735213695,73.96738471682856,0
2018,64.20621297390657,52.25065497933217,78.89734178607496,113.13189655172414,102.36113215778519,123.90266094566309,0
1985,8.690829905755612,6.047129824771249,12.490309723693303,3.4473684210526314,0.38169064142583053,6.513046200679432,2
1986,12.025304206367844,9.61119774652936,15.045777339032131,11.160344827586206,7.64048217799456,14.680207477177852,2
1987,16.97353063093808,13.95410890644681,20.646301674361336,5.196551724137931,3.3884274936295347,7.004675954646328,2
1988,27.151964638755185,22.7188899254528,32.450053068757875,0.6474137931034483,-0.2464440520610739,1.5412716382679705,2
1989,41.729131875659874,35.603728798595064,48.908372966960876,47.17672413793103,39.69661053856674,54.65683773729533,2
1990,49.061114903499664,42.19262094002969,57.047724032018905,72.44741379310345,63.10036235030266,81.79446523590424,2
1991,40.85296896661976,35.799303778330604,46.620042772949844,48.307758620689654,39.135347418736636,57.48016982264267,2
1992,29.942344473103358,25.484863105122248,35.17947060762454,16.713793103448275,12.282067319602746,21.145518887293804,2
1993,26.076376249374377,21.73472063296518,31.28530657383332,17.989655172413794,13.099654641323106,22.879655703504483,2
1994,28.587234630753247,24.45927347995211,33.411866648597524,21.144827586206898,16.698271052158,25.591384120255796,2
1995,35.45106806678895,31.081760783130157,40.434589142009884,33.92413793103448,28.39887909068189,39.44939677138707,2
1996,39.862659266057726,34.60408083114838,45.92035290622351,56.561206896551724,49.282750129159005,63.83966366394444,2
1997,34.122071866125296,29.626846519423722,39.29934924642351,45.845689655172414,36.39619183585866,55.29518747448617,2
1998,23.89611718406121,20.53707917392001,27.804558361908065,20.376724137931035,14.005435490458407,26.748012785403663,2
1999,17.161050246458746,14.401584991383114,20.449252338384326,16.050862068965518,11.764271955236822,20.337452182694214,2
2000,14.042544578604364,11.589802106058908,17.014359385739848,7.877586206896551,5.631434887230032,10.12373752656307,2
2001,14.78470769650456,12.322246819812538,17.73926337197055,8.413793103448276,5.729958916854203,11.097627290042348,2
2002,19.51542679103877,16.665493919777045,22.85272099763179,4.743103448275862,3.0231043696161817,6.463102526935543,2
2003,29.671322088380812,25.850778724177967,34.0565119475112,46.24913793103448,40.57724674929378,51.92102911277519,2
2004,37.5561204820292,32.74098631441032,43.07940427072305,41.28362068965517,32.135176586927074,50.43206479238327,2
2005,40.329691819906174,35.4095844760117,45.93344051779177,47.92413793103448,37.653171814657455,58.195104047411505,2
2006,37.447828713020414,32.92902825282103,42.58673728701903,48.602586206896554,41.2950872435795,55.910085170213605,2
2007,32.36452735417562,27.548766842476425,38.0221240699652,21.6,15.742633148587554,27.45736685141245,2
2008,32.95553552417778,27.802226109056082,39.06404175784962,9.83448275862069,4.091755471652221,15.577210045589158,2
2009,40.01199091446331,34.92786302756138,45.83616855333481,51.387068965517244,43.69145594886636,59.082681982168126,2
2010,44.89842842448405,39.31479094280229,51.27507552873254,58.55344827586207,52.208058333287006,64.89883821843712,2
2011,41.81578349327779,36.61290783240545,47.758013571625234,49.84051724137931,41.23325710347933,58.44777737927929,2
2012,34.78126506949291,30.354217928256617,39.85398018468429,28.045689655172414,21.90580700970783,34.185572300637,2
2013,30.250177891845738,26.31995403590684,34.76728193521651,28.77413793103448,23.310783788865166,34.237492073203796,2
2014,28.542614884668644,24.923575143900862,32.68715903520252,21.10603448275862,16.69400256611317,25.51806639940407,2
2015,30.65575656191295,26.936231535169533,34.88889710337701,41.16293103448276,35.38997348630909,46.93588858265643,2
2016,34.86616014801974,30.27614765373196,40.152041051283284,22.975,19.318606309174513,26.63139369082549,2
2017,48.733021816834054,42.5072922826789,55.87058803008639,43.94396551724138,36.38311606829614,51.50481496618662,2
2018,78.65810373443024,66.78265653680376,92.64527055294207,95.97068965517241,86.44343426555324,105.49794504479158,2
1985,10.396623991807074,7.032435873874216,15.370177896477722,3.4473684210526314,0.38169064142583053,6.513046200679432,4
1986,10.383074075978296,8.4139401843211985,12.813048928984044,11.160344827586206,7.64048217799456,14.680207477177852,4
1987,10.260332443589634,8.44496016452294,12.465946529296039,5.643965517241379,3.8430898227943024,7.4448412116884555,4
1988,13.666437092872684,11.178533133387802,16.708051099799604,3.5448275862068965,2.2919558765449923,4.797699295868801,4
1989,25.869306630121798,22.5974000769069,29.614956731556244,29.814655172413794,25.165928452178715,34.46338189264887,4
1990,40.89398175300015,35.90574114268775,46.57521862503815,50.53362068965517,44.18078980188162,56.88645157742872,4
1991,43.96168923148672,38.711557244131264,49.92385369304165,50.37068965517241,43.031315416582814,57.71006389376201,4
1992,35.418401031119515,31.43022342210786,39.91263806030806,35.21465517241379,29.771042791011674,40.65826755381591,4
1993,27.610658828445107,24.32653067499117,31.338150561868822,25.88706896551724,21.03099089770787,30.74314703332661,4
1994,25.607421301288568,22.437683567769465,29.22494310614234,19.908620689655173,16.35077615665365,23.466465222656694,4
1995,30.450803315197504,27.05670790011564,34.27066685141248,27.64396551724138,23.532026278917918,31.755904755564842,4
1996,37.81467025242855,33.66605551791646,42.47451221420674,44.24568965517241,39.40715530815998,49.08422400218485,4
1997,38.326712069614175,34.005552333888986,43.19697100179747,43.99741379310345,37.66517013829669,50.32965744791021,4
1998,30.642325377894526,27.07514347707678,34.67948767694341,32.720689655172414,26.88865513840624,38.552724171938586,4
1999,21.36290940267011,18.67826861403454,24.433415514957275,24.489655172413794,20.230676125479295,28.748634219348293,4
2000,14.49758292561603,12.522061414329931,16.784769194997626,12.498275862068965,9.72642533890257,15.27012638523536,4
2001,12.333780508913975,10.629709487567098,14.311034729593878,9.999137931034483,7.615969126556004,12.382306735512962,4
2002,14.307333190100584,12.454869524300436,16.43532135067078,6.182758620689655,4.485940737879134,7.879576503500176,4
2003,22.762483353507037,20.23995233344087,25.59940062519904,30.292241379310344,26.85715911599161,33.727323642629074,4
2004,32.02367887625723,28.505900869606112,35.97556917989149,32.911206896551725,26.925354523809638,38.89705926929381,4
2005,39.066600107143586,34.849983779013904,43.79339897571268,45.293103448275865,37.40953902822845,53.17666786832328,4
2006,38.48983488368795,34.462044852197174,42.98837737944354,47.230172413793106,40.34324367165556,54.117101155930655,4
2007,31.83618497507443,28.28858962769016,35.82867463901605,31.6,25.958945546119146,37.24105445388086,4
2008,28.805774046663426,25.278492738784518,32.825241085451154,21.349137931034484,16.282612700222916,26.41566316184605,4
2009,33.89233804513457,30.21890065371126,38.01232186865153,38.12068965517241,31.963075169808455,44.27830414053637,4
2010,40.678638559267114,36.38956563162252,45.47324504465958,45.15,39.478399729907395,50.8216002700926,4
2011,43.04500633426534,38.43713823381948,48.205268536008376,50.37241379310345,43.15689386956173,57.58793371664517,4
2012,38.45635865462703,34.268684908277834,43.15577107588599,39.17672413793103,33.08467611044289,45.26877216541917,4
2013,32.66695352146905,29.009425273154907,36.78562544158132,33.835344827586205,28.492032212019076,39.178657443153334,4
2014,28.7163586454994,25.48431040004013,32.35831148311746,24.395689655172415,19.997042932231242,28.794336378113588,4
2015,29.117009565059593,25.984335391714943,32.62735926207647,34.647413793103446,30.121961445752934,39.17286614045396,4
2016,30.946387058480298,27.443026485753133,34.89698457531458,25.468103448275862,22.057356168217176,28.878850728334548,4
2017,40.864077120330016,36.33831711878137,45.953498436316124,39.327586206896555,33.77267642254273,44.88249599125038,4
2018,63.06097982179303,55.04062294808761,72.25003939063808,70.57241379310345,63.52633671917089,77.618490867036,4
1985,10.108020823456553,7.012860026399265,14.569246296491569,3.4473684210526314,0.38169064142583053,6.513046200679432,6
1986,10.366445119147194,8.472544974845682,12.683695952909119,11.160344827586206,7.64048217799456,14.680207477177852,6
1987,10.678740162015579,8.885217808575486,12.834293306550595,5.643965517241379,3.8430898227943024,7.4448412116884555,6
1988,13.622382447199792,11.274729452456075,16.45886975118084,3.5448275862068965,2.2919558765449923,4.797699295868801,6
1989,22.15704777013843,19.557495184178148,25.10212894161204,25.80344827586207,21.839830641450284,29.767065910273857,6
1990,32.36061928185524,28.70296212646743,36.48437661907841,39.38103448275862,34.60520127642758,44.156867689089665,6
1991,37.238238204401085,33.11673039704058,41.87268392569442,41.78362068965517,36.02700456583655,47.5402368134738,6
1992,35.57982622292396,31.931504176603905,39.644985937775076,34.536206896551725,29.61965849518414,39.45275529791931,6
1993,32.41938463357657,29.12127553913489,36.091018698935855,32.27155172413793,27.458327816546575,37.08477563172928,6
1994,30.633911463099402,27.479650421692945,34.150235433424356,27.963793103448275,24.27852163149744,31.64906457539911,6
1995,31.617073148372086,28.48740842244601,35.09056701984404,28.67844827586207,25.16815971436931,32.18873683735483,6
1996,34.316010472078766,30.99137504990657,37.99729998502825,37.52155172413793,33.50526412609984,41.53783932217602,6
1997,34.76555308841219,31.271883641597874,38.64953244886944,38.8448275862069,33.782265855903816,43.90738931650998,6
1998,31.331203493777895,28.089152241418027,34.947452451806846,33.19655172413793,28.377307201074473,38.01579624720139,6
1999,25.681907668970656,22.939128052838054,28.75263523523215,28.916379310344826,25.04850495993066,32.78425366075899,6
2000,19.800162656571615,17.57217424227129,22.31063929946663,20.56206896551724,17.47450296775162,23.649634963282864,6
2001,16.143839122457628,14.137814766688207,18.43449966722437,15.418965517241379,12.9985820181954,17.839349016287358,6
2002,15.784364910205761,13.799225875566242,18.055083514480945,8.926724137931034,7.11398782298767,10.739460452874397,6
2003,20.136685372576252,18.108851688278445,22.391596373644763,24.610344827586207,21.935572236871103,27.28511741830131,6
2004,26.088856628971048,23.53313806880004,28.922128371369894,27.060344827586206,22.64688941282524,31.473800242347174,6
2005,32.23642852161202,29.041922603661195,35.78231847839147,37.494827586206895,31.502321989523452,43.48733318289034,6
2006,35.09503336394985,31.744876260475785,38.79874524350385,41.93706896551724,36.15723965394102,47.71689827709346,6
2007,33.7735430606621,30.57491375197437,37.3068006053407,34.898275862068964,29.606802781623585,40.18974894251434,6
2008,32.64206268789891,29.3097243556188,36.35326772755746,27.582758620689656,22.651081836847695,32.51443540453162,6
2009,35.131568555141875,31.765150012870986,38.85475461770319,37.875,32.162568845900836,43.587431154099164,6
2010,38.366660492654475,34.775143399976315,42.32910330312588,42.06896551724138,36.68817379371796,47.449757240764804,6
2011,39.530675740383934,35.7574460820525,43.70206756113159,44.3448275862069,37.935251845088494,50.7544033273253,6
2012,37.74298982438259,34.07219609901237,41.80925927826353,38.09310344827586,32.28495099581843,43.9012559007333,6
2013,35.062064094968164,31.620401175406556,38.87832832291223,37.86206896551724,32.59606524396894,43.12807268706554,6
2014,32.1752775591966,29.034721356369264,35.65553370754979,30.839655172413792,26.26223818238515,35.41707216244244,6
2015,31.06781778031939,28.080026588664424,34.373518079956995,35.0448275862069,30.419992853133955,39.669662319279844,6
2016,31.70249321306529,28.480753447888702,35.28867583378331,26.560344827586206,23.017609346629712,30.1030803085427,6
2017,38.18794732850841,34.45547571327795,42.32474783690033,35.93448275862069,31.312845775722327,40.556119741519055,6
2018,51.966892591868884,46.0020895643587,58.705114294355084,59.099137931034484,53.23659352053497,64.961682341534,6
1985,9.655048677037273,6.794902555254397,13.719102547522711,3.4473684210526314,0.38169064142583053,6.513046200679432,8
1986,10.403089709562193,8.549099691421864,12.659142998857606,11.160344827586206,7.64048217799456,14.680207477177852,8
1987,11.340682968654555,9.38922610138222,13.697730654989575,5.643965517241379,3.8430898227943024,7.4448412116884555,8
1988,14.526413474767974,11.997787609967938,17.587966656836365,3.5448275862068965,2.2919558765449923,4.797699295868801,8
1989,22.082070923897803,19.626282972765303,24.84514551047199,25.80344827586207,21.839830641450284,29.767065910273857,8
1990,30.513661618177842,26.97250039022424,34.519734243330156,39.38103448275862,34.60520127642758,44.156867689089665,8
1991,34.361898851232006,30.5635333585987,38.632316454017314,38.42327586206896,33.235263062241955,43.61128866189597,8
1992,33.588117257222756,30.31021653096791,37.22050681268818,31.451724137931034,27.195981418685314,35.707466857176755,8
1993,32.06733102019699,28.912975206410216,35.56582162222113,30.900862068965516,26.550450828307106,35.251273309623926,8
1994,31.684452139112484,28.57173108928807,35.136285730061594,29.064655172413794,25.46593790707634,32.66337243775125,8
1995,32.952593129663164,29.919723278195463,36.292895621814594,31.729310344827585,28.245234593899614,35.21338609575555,8
1996,34.47732944514853,31.313137962925627,37.961262364592635,38.49913793103448,34.614410009063015,42.38386585300595,8
1997,33.78514833216119,30.601525570063153,37.29997856521174,37.30948275862069,32.6897900637218,41.929175453519576,8
1998,30.72037862670668,27.80010191295325,33.94741738441208,31.65948275862069,27.354739471085974,35.9642260461554,8
1999,26.727650490149117,24.12641049096942,29.60934868413011,28.97155172413793,25.361837695468115,32.58126575280775,8
2000,22.73333137498103,20.417052270648007,25.312388319035946,23.39396551724138,20.380445616059674,26.407485418423086,8
2001,19.99430995884927,17.788033368499036,22.47423436019066,19.802586206896553,17.312286230332,22.292886183461107,8
2002,19.29519070044182,17.118392806602294,21.748793147381484,14.40948275862069,12.411252841076937,16.407712676164444,8
2003,21.4368580688288,19.378138047203638,23.714295085715122,24.44137931034483,21.903275884823312,26.979482735866345,8
2004,24.637067355327687,22.381618561239105,27.119803074570356,24.599137931034484,20.75209076943225,28.446185092636718,8
2005,28.455328399661393,25.806397381156685,31.376162366770615,32.57586206896552,27.73086424032512,37.42085989760592,8
2006,31.066335275625907,28.240975586193215,34.17435720348969,36.75603448275862,31.9609568586334,41.55111210688385,8
2007,31.710912569444236,28.905011369544198,34.789191504919074,32.65,28.036454699684583,37.263545300315414,8
2008,32.45964685286303,29.437976609462527,35.79147737599271,28.53965517241379,24.021668008964202,33.05764233586338,8
2009,35.1108641147878,32.01651736437107,38.50427467976139,38.202586206896555,32.846224434539835,43.558947979253276,8
2010,37.66909935806653,34.36976277093864,41.2851568369768,41.57155172413793,36.39730578503722,46.74579766323865,8
2011,38.402423523096346,34.973976142957085,42.16695655132829,42.9448275862069,36.991999425456996,48.8976557469568,8
2012,37.02247828822344,33.674137217028246,40.70375700402095,37.894827586206894,32.36628410632835,43.42337106608544,8
2013,35.040704273974306,31.81339115512597,38.59541254275504,36.84396551724138,31.714178931172526,41.97375210331023,8
2014,33.30312378078838,30.205285379690903,36.71867488145753,32.03362068965517,27.39256881693464,36.674672562375704,8
2015,32.961629355385355,29.932234102917704,36.29762502946266,36.9448275862069,32.24958683663115,41.640068335782644,8
2016,33.780568968277194,30.556540369024976,37.344765671747545,30.15344827586207,26.34749498765901,33.959401564065125,8
2017,38.14416419458132,34.65733776850795,41.98179536528835,35.59310344827586,31.08622353562087,40.09998336093085,8
2018,46.61159208953324,41.56567649575301,52.270062712512996,52.62844827586207,47.37288682701733,57.88400972470681,8
1985,9.923580134543016,6.885808995694825,14.301506583796801,3.4473684210526314,0.38169064142583053,6.513046200679432,10
1986,10.400322694194136,8.541431056461604,12.663769271021783,11.160344827586206,7.64048217799456,14.680207477177852,10
1987,11.007783405145743,9.047338018893077,13.39303287238372,5.643965517241379,3.8430898227943024,7.4448412116884555,10
1988,14.071903905553233,11.48640759016571,17.239374275440248,3.5448275862068965,2.2919558765449923,4.797699295868801,10
1989,22.12112978915062,19.677094738310906,24.868731367934277,25.80344827586207,21.839830641450284,29.767065910273857,10
1990,31.11355201252684,27.463607143597056,35.248578738205104,39.38103448275862,34.60520127642758,44.156867689089665,10
1991,34.663283820044484,30.831793435466817,38.97091642443294,38.42327586206896,33.235263062241955,43.61128866189597,10
1992,33.01620261479924,29.820531498170148,36.55433288197313,31.451724137931034,27.195981418685314,35.707466857176755,10
1993,30.804142451694794,27.767166992675243,34.17328071079834,29.817241379310346,25.684668199386337,33.949814559234355,10
1994,30.206861422508577,27.224997670873424,33.51531882681567,28.002586206896552,24.62923943370562,31.375932980087484,10
1995,31.791705953879855,28.880730761334785,34.99608703845857,30.87155172413793,27.572414292399174,34.17068915587669,10
1996,34.105701397031964,31.021393895955164,37.49666670958895,37.359482758620686,33.67500423769112,41.04396127955025,10
1997,34.361109511468435,31.17970707302585,37.86712441184414,37.88448275862069,33.58182671045469,42.18713880678669,10
1998,31.81053503740163,28.879291247660092,35.03929963820512,33.35431034482759,29.180348705313737,37.528271984341444,10
1999,27.890266105987433,25.281509932966145,30.768215408229317,29.622413793103448,26.10557015810724,33.139257428099654,10
2000,23.965628029241458,21.609964047808294,26.578078777239575,24.103448275862068,21.141065392248795,27.06583115947534,10
2001,21.418985137351694,19.17948497003183,23.919981429685464,21.386206896551723,18.854974628852673,23.917439164250773,10
2002,20.816085613701215,18.631190456904754,23.257205237594118,17.34396551724138,15.249218464962848,19.43871256951991,10
2003,22.749723443787605,20.622654632419742,25.096183105118172,25.610344827586207,23.085551663529497,28.135137991642917,10
2004,25.218827412204856,22.928044787239592,27.738486292583023,25.63362068965517,21.941724951928556,29.325516427381785,10
2005,27.873185632494266,25.34343300334332,30.65545528898921,31.03965517241379,26.587675767954757,35.491634576872826,10
2006,29.406885987823557,26.798208900404198,32.26950527607127,33.53189655172414,29.29291033897023,37.770882764478046,10
2007,29.547585394885566,26.934177010683605,32.41457135748942,30.34051724137931,26.319855749806276,34.36117873295235,10
2008,30.29941200007342,27.489869416816507,33.396097799889425,27.417241379310344,23.404557937653685,31.429924820967003,10
2009,33.31301938866431,30.42230480395482,36.47840845527452,36.01810344827586,31.19692823947082,40.8392786570809,10
2010,36.533692889171775,33.394202283093485,39.968336563501204,39.851724137931036,35.06656416717993,44.63688410868214,10
2011,38.03852338876807,34.71778182205092,41.67689252194223,42.300862068965515,36.74579658310078,47.85592755483025,10
2012,37.16527121934556,33.896512755276795,40.749247416092686,38.35431034482759,33.083685124600784,43.62493556505439,10
2013,35.39375870090867,32.224699976604285,38.87447069755946,37.172413793103445,32.23381597846599,42.1110116077409,10
2014,33.663337512644624,30.608386026740696,37.0231965677707,32.983620689655176,28.397875553685175,37.56936582562518,10
2015,33.20578194445648,30.209920070674066,36.49873789679939,36.351724137931036,31.672361230456232,41.03108704540584,10
2016,33.88147344969431,30.718302219098508,37.3703675071151,31.154310344827586,27.1907533095992,35.11786738005597,10
2017,38.01098871697573,34.61853174520066,41.73589087706936,36.647413793103446,32.16620657173363,41.12862101447326,10
2018,45.88694531074125,41.1280091385634,51.19653963451018,50.37241379310345,45.33086137766439,55.413966208542504,10
1985,10.770551089575813,7.313929225381422,15.86080028920612,3.4473684210526314,0.38169064142583053,6.513046200679432,20
1986,10.413681843464525,8.523751028287085,12.722658038346712,11.160344827586206,7.64048217799456,14.680207477177852,20
1987,9.99954042087625,8.199398815620272,12.194895123072977,5.643965517241379,3.8430898227943024,7.4448412116884555,20
1988,12.631913478697532,10.210270475229102,15.627914903960464,3.5448275862068965,2.2919558765449923,4.797699295868801,20
1989,22.214956993761046,19.816478620571544,24.903734093419835,25.80344827586207,21.839830641450284,29.767065910273857,20
1990,32.98139707208386,29.253847905323855,37.18391359478217,39.38103448275862,34.60520127642758,44.156867689089665,20
1991,35.78792863854955,32.14201823655804,39.847399339135855,38.42327586206896,33.235263062241955,43.61128866189597,20
1992,32.39893218221805,29.376074309478316,35.73284828631023,31.451724137931034,27.195981418685314,35.707466857176755,20
1993,29.401886062195256,26.649125300535168,32.438997312866825,29.817241379310346,25.684668199386337,33.949814559234355,20
1994,28.500047137333187,25.878139623441317,31.387599674840878,28.002586206896552,24.62923943370562,31.375932980087484,20
1995,30.091073194460314,27.4432275713986,32.99439483342892,30.111206896551725,26.917758644215905,33.30465514888755,20
1996,32.66366736773998,29.811786395490046,35.788367451598454,35.36379310344827,31.918783850014755,38.80880235688179,20
1997,33.228812992968685,30.36203756965908,36.36626858090284,35.51120689655173,31.67670357576172,39.34571021734173,20
1998,31.544485946263375,28.849564712077914,34.4911475630489,32.39224137931034,28.69566595053864,36.08881680808204,20
1999,29.132251669346058,26.62175397958749,31.87949554251222,30.544827586206896,27.347293156652306,33.742362015761486,20
2000,26.514740971928347,24.205668003511,29.044085406214858,27.29051724137931,24.41123070227663,30.16980378048199,20
2001,24.631775215031322,22.46668271620362,27.005515585362502,25.455172413793104,22.912125340651723,27.998219486934484,20
2002,24.00909409441598,21.887327692746016,26.336545389484215,22.88706896551724,20.60976820713628,25.1643697238982,20
2003,25.440752072772067,23.243798123966688,27.845357397115542,27.461206896551722,25.009144147032462,29.913269646070983,20
2004,26.975339985126855,24.667585325235873,29.498994640904343,27.45344827586207,24.418432646014804,30.488463905709335,20
2005,28.65571985994264,26.22168356742734,31.315696361752547,30.46034482758621,27.044482665391037,33.87620698978138,20
2006,29.37419366284743,26.890396224765837,32.08741314669786,31.83103448275862,28.53023981349315,35.131829152024096,20
2007,28.750434774736547,26.328392311956677,31.39528953923241,29.880172413793105,26.73527084343389,33.02507398415232,20
2008,28.46133345930793,26.01857483745002,31.133430917821578,27.78965517241379,24.722927057577166,30.856383287250416,20
2009,30.049355415904955,27.53909169430786,32.78843655900288,31.66810344827586,28.221564484670665,35.11464241188106,20
2010,32.00436537908729,29.35826622572437,34.888960929873456,33.56206896551724,30.15992604731033,36.964211883724154,20
2011,33.22943371617206,30.47924815328409,36.22777240253209,35.286206896551725,31.426280137675157,39.146133655428294,20
2012,33.1972723940015,30.428915948227033,36.21748787490888,33.967241379310344,30.13325512298646,37.801227635634234,20
2013,32.815871790034976,30.059839027114737,35.824591088749315,34.18189655172414,30.466004601613527,37.89778850183475,20
2014,32.27381837047226,29.560901075387513,35.23571049319168,32.4551724137931,28.8036729201296,36.1066719074566,20
2015,32.40129944398221,29.702788087386743,35.34497174372722,34.592241379310344,30.77519161691481,38.40929114170588,20
2016,32.74424117596057,29.969607030583294,35.77575538762756,32.144827586206894,28.61548935871883,35.674165813694955,20
2017,35.46447662564594,32.48916046360145,38.71226847305143,35.1948275862069,31.321706992321257,39.06794818009254,20
2018,40.891673045399195,37.12667454573104,45.03847826155748,42.97586206896552,38.803466987167795,47.14825715076324,20
1985,11.415914138085057,7.751925743376417,16.811705880888244,3.4473684210526314,0.38169064142583053,6.513046200679432,30
1986,10.519241438251617,8.58611273055873,12.887606290376445,11.160344827586206,7.64048217799456,14.680207477177852,30
1987,9.352686391730694,7.726411572595251,11.321263683689967,5.643965517241379,3.8430898227943024,7.4448412116884555,30
1988,11.635456994995025,9.489583519303515,14.266575472673123,3.5448275862068965,2.2919558765449923,4.797699295868801,30
1989,22.41358618642408,20.006622847632638,25.110127259469234,25.80344827586207,21.839830641450284,29.767065910273857,30
1990,34.348810524636725,30.69268091570647,38.440460372219576,39.38103448275862,34.60520127642758,44.156867689089665,30
1991,36.36891376020757,32.86197906991907,40.25009830610524,38.42327586206896,33.235263062241955,43.61128866189597,30
1992,31.916889653748434,28.96445329754813,35.17027698416067,31.451724137931034,27.195981418685314,35.707466857176755,30
1993,28.760268062962236,26.112440081253652,31.676588494970485,29.817241379310346,25.684668199386337,33.949814559234355,30
1994,27.899647549423644,25.38414571883967,30.66442897088922,28.002586206896552,24.62923943370562,31.375932980087484,30
1995,29.803914097902744,27.20811011333793,32.64737212011347,30.111206896551725,26.917758644215905,33.30465514888755,30
1996,32.877392093151705,30.051561184388422,35.968943650367365,35.36379310344827,31.918783850014755,38.80880235688179,30
1997,33.45099651465443,30.622961985495255,36.540200401039876,35.51120689655173,31.67670357576172,39.34571021734173,30
1998,31.525085264240982,28.866413490271192,34.428627624717336,32.39224137931034,28.69566595053864,36.08881680808204,30
1999,29.08653991455106,26.603740271947974,31.801047354715603,30.544827586206896,27.347293156652306,33.742362015761486,30
2000,26.383233595768036,24.10778332376833,28.87345574748838,27.29051724137931,24.41123070227663,30.16980378048199,30
2001,24.40373267891476,22.28883937876322,26.719299221625867,25.455172413793104,22.912125340651723,27.998219486934484,30
2002,23.670884909990935,21.613109183692423,25.924580663517105,22.88706896551724,20.60976820713628,25.1643697238982,30
2003,25.398997176408926,23.219404621404436,27.783186868303464,27.461206896551722,25.009144147032462,29.913269646070983,30
2004,26.900513386806548,24.61968421384435,29.392644283667792,27.45344827586207,24.418432646014804,30.488463905709335,30
2005,28.62258170136826,26.225581556500263,31.238666013430755,30.228448275862068,26.88469402673346,33.57220252499067,30
2006,29.337876081260344,26.889643539827528,32.009013867534094,31.392241379310345,28.22469574420736,34.55978701441333,30
2007,28.568381390552286,26.187634520522145,31.165564596392617,29.64741379310345,26.654975565429172,32.63985202077773,30
2008,28.18448242314585,25.822066967279998,30.763031110839574,27.98448275862069,25.131783455669762,30.837182061571617,30
2009,29.83201659316443,27.374921890004845,32.5096530901802,31.411206896551725,28.304088232178422,34.51832556092503,30
2010,31.570118563564407,28.98571867063409,34.38494651254789,32.89310344827586,29.87553217687296,35.91067471967876,30
2011,32.455735806554,29.805080062274822,35.34212236786169,34.02672413793103,30.74790991232822,37.30553836353385,30
2012,32.18945319335935,29.553016890626353,35.061087019380494,32.88189655172414,29.7109785936871,36.05281450976118,30
2013,31.831316145598873,29.214857610818644,34.68210254722755,32.97586206896552,29.950277682908627,36.00144645502241,30
2014,31.419016707735217,28.837834698410546,34.23123203266553,31.768103448275863,28.849634530300683,34.68657236625104,30
2015,31.647714146373474,29.0653270474482,34.45954036765265,33.35603448275862,30.310604730988164,36.40146423452909,30
2016,31.720343012470796,29.11374412942502,34.560314755664386,31.78965517241379,28.886372416096968,34.692937928730615,30
2017,33.59291721365671,30.83752802199163,36.59450543891912,33.79396551724138,30.605589160208872,36.98234187427389,30
2018,37.55091270431653,34.23493576793909,41.18807333202967,38.91724137931035,35.558994409092485,42.27548834952821,30
